id_api,titulo_final,anio,posicion_ranking,recaudacion_usd,popularidad,promedio_votos,conteo_votos,log_recaudacion,log_votos,decada,votos_por_popularidad,log_recaudacion_scaled,log_votos_scaled,popularidad_scaled,promedio_votos_scaled,cluster
157336,Interstellar,2014,10,681076399,74.561,8.5,40401,20.339185045780077,10.606634567674408,2006-2015,541.8515655836743,0.8938740803174221,1.7695732957871464,1.0323823267870704,2.2913982509382524,0
27205,Inception,2010,4,828258695,53.247,8.372,39620,20.53483609833456,10.587114559711914,2006-2015,744.0793389149926,1.112559654067095,1.7527523856779232,0.6452742453098466,2.1017904793557043,0
24428,The Avengers,2012,1,1518812988,47.6264,8.1,38839,21.141194938431784,10.56720592240526,2006-2015,815.4929166401582,1.790306740594631,1.7355965833249836,0.5431920607010972,1.69887396474279,0
155,The Dark Knight,2008,1,1003845358,47.9347,8.533,36151,20.7271038214525,10.495487551091117,2006-2015,754.1716639153548,1.327463569965431,1.6737949549971087,0.5487914517829884,2.340281504549377,0
19995,Avatar,2009,1,2743577587,32.6902,7.6,34264,21.7325285947268,10.441879704019923,2006-2015,1048.1425478759545,2.4512596882837605,1.6275996471639282,0.2719185443944392,0.9582186069984626,0
293660,Deadpool,2016,9,782612155,19.2332,7.624,32936,20.478147800459208,10.402351924902842,2016-2026,1712.454655255155,1.0491972914122298,1.5935375084279588,0.027510481504367,0.9937700641701904,0
299536,Avengers: Infinity War,2018,1,2048359754,44.7468,8.2,32339,21.44030519031807,10.384060133131095,2016-2026,722.7107362513663,2.124632041655539,1.577774984881844,0.4908923313484739,1.847005036291655,0
680,Pulp Fiction,1994,10,108179927,30.8901,8.481,30468,18.499306398849928,10.3244650522748,1986-1995,986.3351085509246,-1.1626183958559055,1.5264203184307952,0.2392248567962807,2.263253347343968,0
13,Forrest Gump,1994,2,329834362,25.8322,8.465,30015,19.61410115611259,10.30948585180595,1986-1995,1161.9214925861938,0.0834241269013987,1.5135123429279822,0.1473625144248981,2.239552375896149,0
118340,Guardians of the Galaxy,2014,3,772776600,13.5551,7.907,29925,20.46550056219508,10.306482946743364,2006-2015,2207.6545302841514,1.0350610599939511,1.5109246597558577,-0.0756160267735641,1.41298099665348,0
1726,Iron Man,2008,8,585366247,24.0232,7.663,28358,20.18774827425649,10.252699719093494,2006-2015,1180.4417477930715,0.7246082530446001,1.464578221812764,0.1145071836849009,1.0515411820742486,0
68718,Django Unchained,2012,16,425368238,20.3763,8.192,28246,19.86846579644804,10.248742536245269,2006-2015,1386.2176223271044,0.3677357960036961,1.4611682120881937,0.0482716360477007,1.835154550567747,0
603,The Matrix,1999,4,463517383,33.4511,8.252,28232,19.95435444819997,10.248246785526897,1996-2005,843.9779726293089,0.4637363482201312,1.4607410105068055,0.2857381249140985,1.924033193497067,0
299534,Avengers: Endgame,2019,1,2799439100,33.9866,8.238,28080,21.7526849129892,10.242848470041247,2016-2026,826.2077329866084,2.4737890637526974,1.4560891384532804,0.2954639566505654,1.903294843480224,0
475557,Joker,2019,6,1078751311,25.1436,8.122,27938,20.79907001658365,10.237778841189767,2016-2026,1111.1371835627422,1.4079025375424363,1.4517205044157455,0.1348560574057924,1.7314628004835406,0
120,The Lord of the Rings: The Fellowship of the Ring,2001,2,868385360,35.7366,8.438,27895,20.582146138387355,10.236238588355487,1996-2005,780.5720800042308,1.1654396315473314,1.4503932275764797,0.3272477204952281,2.1995569865779565,0
597,Titanic,1997,1,1843373318,31.713,7.902,27383,21.33486305562068,10.217714180210022,1996-2005,863.4626609079365,2.006775922699733,1.4344302523133468,0.2541704906635795,1.405574443076037,0
122,The Lord of the Rings: The Return of the King,2003,1,1118887224,41.1725,8.502,26895,20.83560047924919,10.199732855648396,1996-2005,653.2271168311089,1.4487338291866747,1.4189352666208703,0.4259753558570578,2.294360872369231,0
106646,The Wolf of Wall Street,2013,17,392000694,26.5622,8.027,26139,19.78677417071235,10.171221987178212,2006-2015,984.067214286763,0.276426396890814,1.3943666928480334,0.1606208844858145,1.5907382825121177,0
99861,Avengers: Age of Ultron,2015,4,1402805868,28.907,7.275,24633,21.061740259996853,10.11188288150143,2006-2015,852.1462441117224,1.7014976505653296,1.3432326070183171,0.2032074956075089,0.4767926244646508,0
49026,The Dark Knight Rises,2012,3,1084939099,22.4328,7.796,24565,20.804789693331283,10.10911865209904,2006-2015,1095.0478339539272,1.414295607116494,1.3408505970115483,0.0856220991028715,1.2485555072342398,0
16869,Inglourious Basterds,2009,20,321455689,19.6395,8.217,24411,19.588370269437466,10.102830093664386,2006-2015,1242.9536174782363,0.0546638741852982,1.335431578927684,0.0348897633615593,1.872187318454964,0
271110,Captain America: Civil War,2016,1,1153296293,25.8323,7.45,24188,20.86589002180333,10.093653263353133,2016-2026,936.3467688332944,1.4825894405191178,1.3275236601373943,0.1473643306399749,0.7360219996751651,0
121,The Lord of the Rings: The Two Towers,2002,1,923015234,30.9102,8.423,24176,20.643156298289732,10.09315704699262,1996-2005,782.1363879443071,1.2336326805936475,1.3270960572997876,0.2395899160267251,2.177337325845626,0
672,Harry Potter and the Chamber of Secrets,2002,2,878979634,27.965,7.7,23778,20.594272287007907,10.076558117215898,1996-2005,850.2768280790889,1.1789934240459476,1.312792317966276,0.1860987495836961,1.1063496785473288,0
284054,Black Panther,2018,2,1346913161,21.2187,7.364,23640,21.02108126459049,10.070737771809798,2016-2026,1114.111084038568,1.6560517629892884,1.307776771503961,0.0635714318549828,0.6086292781431404,0
150540,Inside Out,2015,7,858294430,24.8801,7.908,23635,20.570457758260083,10.070526252465566,2006-2015,949.955607109454,1.152375147196424,1.3075944996584514,0.1300703306783246,1.4144623073689693,0
284052,Doctor Strange,2016,11,677718395,20.3852,7.423,23577,20.334242414492245,10.068069352852072,2016-2026,1156.5738101299912,0.8883495398414084,1.3054773239059945,0.0484332791895393,0.6960266103569712,0
68721,Iron Man 3,2013,2,1214811252,15.9814,6.933,23576,20.91785455434617,10.068026939534285,2006-2015,1475.2140142828448,1.5406718963270152,1.3054407752218284,-0.0315492003642468,-0.0298156402324699,0
70160,The Hunger Games,2012,9,694394724,10.2569,7.224,23453,20.358551124795387,10.06279633502101,2006-2015,2286.556087554634,0.9155201795612066,1.3009334241744446,-0.1355184324378307,0.4012457779747292,0
315635,Spider-Man: Homecoming,2017,6,880166924,34.7067,7.331,23360,20.59562213494813,10.058823244245096,2016-2026,673.0686947855328,1.1805021931909507,1.2975097061654222,0.3085425214188748,0.5597460245320156,0
673,Harry Potter and the Prisoner of Azkaban,2004,2,795634069,23.6312,8.01,23351,20.494649927053857,10.05843791253395,1996-2005,988.1423761203934,1.0676422574644082,1.297177655579794,0.1073876205836965,1.5655560003488111,0
283995,Guardians of the Galaxy: Vol. 2,2017,8,863756051,22.1371,7.61,23090,20.576800939678627,10.047198210202428,2016-2026,1043.0449141735303,1.1594651283122996,1.287492105095581,0.0802515511206619,0.97303171415335,0
1771,Captain America: The First Avenger,2011,18,370569774,12.7716,7.0,22887,19.730552311554884,10.038368034729944,2006-2015,1792.0215227367578,0.2135853880304121,1.2798829080011591,-0.0898460719005888,0.0694321777052702,0
272,Batman Begins,2005,9,373443774,23.0255,7.728,22809,19.73827801573031,10.034954315278434,1996-2005,990.5969509470148,0.2222206600014251,1.276941215142103,0.0963868058632895,1.1478263785810106,0
10138,Iron Man 2,2010,7,623933331,18.6442,6.855,22553,20.25155408088234,10.023667712792234,2006-2015,1209.6516827476196,0.7959260877730849,1.2672152495470224,0.0168129747017919,-0.1453578760405841,0
10195,Thor,2011,15,449326618,18.557,6.771,22489,19.923260617778432,10.02082604495336,2006-2015,1211.8870443029348,0.4289817580606131,1.2647665087796116,0.0152292351547893,-0.2697879761416318,0
22,Pirates of the Caribbean: The Curse of the Black Pearl,2003,4,654264015,24.5336,7.831,22459,20.2990215221485,10.019491228292434,1996-2005,915.438046011166,0.84898199773211,1.2636162617556916,0.1237771454370814,1.300401382276343,0
674,Harry Potter and the Goblet of Fire,2005,1,895921036,25.4327,7.8,22357,20.61336283870746,10.014939477830271,1996-2005,879.0647949038856,1.2003315574068798,1.2596938973022154,0.1401067351929308,1.254480750096194,0
634649,Spider-Man: No Way Home,2021,1,1910982770,74.6332,7.934,22277,21.37088348646532,10.011354923405134,2016-2026,298.48642447510963,2.0470371351139978,1.2566049914020383,1.033693634072547,1.452976385971674,0
297761,Suicide Squad,2016,10,749200054,10.0526,5.917,22219,20.434516601945845,10.008748063193622,2016-2026,2210.271760269224,1.0004292753156967,1.254358590613195,-0.1392289598398105,-1.5348273271689432,0
284053,Thor: Ragnarok,2017,9,853977126,21.0744,7.582,22169,20.5654149680218,10.006495302610356,2016-2026,1051.9392950977035,1.1467386557890933,1.2524173268933494,0.0609506334991058,0.9315550141196672,0
12445,Harry Potter and the Deathly Hallows: Part 2,2011,1,1341511219,25.2955,8.08,22157,21.017062591566877,10.005953884080618,2006-2015,875.9262019227918,1.6515599608527385,1.251950772144104,0.1376148881075092,1.6692477504330174,0
14160,Up,2009,6,735099082,18.9212,8.0,21836,20.41551585489421,9.991361057786367,2006-2015,1154.04881611694,0.9791915195438382,1.239375745545408,0.0218438904646328,1.550742893193925,0
135397,Jurassic World,2015,2,1670400637,18.2839,6.703,21709,21.236329337596967,9.985528262872338,2006-2015,1187.328093389215,1.8966415667718357,1.2343494710109433,0.010269151779945,-0.3705171047948598,0
286217,The Martian,2015,10,630161890,22.2476,7.7,21469,20.261487314180027,9.974411890872826,2006-2015,965.0025328563383,0.8070287871684237,1.2247701975545102,0.0822584687805677,1.1063496785473288,0
354912,Coco,2017,11,814641172,23.7886,8.2,21148,20.51825829572648,9.95934790203275,2016-2026,888.9968770768869,1.0940301024622188,1.2117891576567734,0.1102463431146393,1.847005036291655,0
98,Gladiator,2000,2,460583960,27.5663,8.229,21114,19.948005722773217,9.957738967368044,1996-2005,765.9349401497699,0.4566401703851449,1.2104026958572378,0.1788575000723435,1.8899630470408255,0
297762,Wonder Woman,2017,10,822963408,10.7671,7.207,21010,20.52842229714262,9.95280138908905,2016-2026,1951.3128406786968,1.105390738923206,1.2061478533106669,-0.1262521031158039,0.3760634958114215,0
102899,Ant-Man,2015,14,519311965,16.876,7.067,20990,20.06801535110636,9.951849053414008,2006-2015,1243.7774094706035,0.5907788529266553,1.2053272003265858,-0.0153013402868552,0.1686799956430103,0
675,Harry Potter and the Order of the Phoenix,2007,2,941944037,20.9863,7.673,20970,20.663456423132622,9.95089580993112,2006-2015,999.222826690352,1.2563227933760488,1.204505765060336,0.0593505480164117,1.0663542892291349,0
767,Harry Potter and the Half-Blood Prince,2009,2,933959197,21.5514,7.7,20953,20.65494331001405,9.950084837912913,2006-2015,972.2333712736196,1.2468074087030625,1.2038069288997375,0.0696139794156225,1.1063496785473288,0
557,Spider-Man,2002,3,804500648,37.9724,7.3,20892,20.50573233110863,9.947169453622251,1996-2005,550.1889398118265,1.0800294225606375,1.2012946647049043,0.3678546571831692,0.5138253923518664,0
12,Finding Nemo,2003,2,871014978,21.6913,7.82,20703,20.58516973214307,9.938082197300629,1996-2005,954.4375143778776,1.168819201074922,1.193463934204219,0.0721548643081186,1.2841069644059675,0
263115,Logan,2017,15,619021436,23.3518,7.8,20552,20.243650461713184,9.93076219467101,2016-2026,880.1030840864156,0.7870919544007413,1.1871560932203085,0.1023131156590115,1.254480750096194,0
12444,Harry Potter and the Deathly Hallows: Part 1,2010,3,960283305,25.4184,7.735,20547,20.68273890930631,9.93051889158716,2006-2015,808.3511124417303,1.2778754581696026,1.1869464324808965,0.1398470164369429,1.158195553589432,0
10681,WALL·E,2008,9,521311860,28.3687,8.117,20511,20.07185900221305,9.928765359720396,2006-2015,723.0148991617878,0.5950750273483333,1.185435367425946,0.1934308098488906,1.724056246906099,0
37165,The Truman Show,1998,10,264118201,18.8784,8.155,20471,19.391907295755736,9.926813377839624,1996-2005,1084.3603884013537,-0.1649292103353718,1.1837532927149947,0.0210665504117462,1.7803460540946656,0
346364,It,2017,13,702781748,10.9627,7.241,20456,20.3705569449588,9.926080401188765,2016-2026,1865.9619747307008,0.9289394770119076,1.183121667237177,-0.122699586425509,0.4264280601380355,0
862,Toy Story,1995,2,237377437,35.9587,8.0,20193,19.28516199771276,9.913140809564268,1986-1995,561.5607456441012,-0.284241917539481,1.171971276930783,0.331281534180885,1.550742893193925,0
100402,Captain America: The Winter Soldier,2014,7,714421503,12.2135,7.7,20157,20.38698368785742,9.911356510914825,2006-2015,1650.3855157116996,0.9473001842440992,1.1704336993207756,-0.0999823682444209,1.1063496785473288,0
585,"Monsters, Inc.",2001,3,528773250,29.4515,7.855,19973,20.08607026088041,9.90218670680308,1996-2005,678.1655677416879,0.6109594154709707,1.1625318351935077,0.2130967867008911,1.3359528394480706,0
8587,The Lion King,1994,1,771055561,25.5207,8.3,19866,20.4632709937819,9.896815342768065,1986-1995,778.4266190086404,1.0325689985341022,1.1579031879219208,0.1417050044605481,1.9951361078405223,0
259316,Fantastic Beasts and Where to Find Them,2016,8,816037575,15.882,7.309,19803,20.519970960887765,9.893639216481311,2016-2026,1246.882478980935,1.0959444042691693,1.1551662354131098,-0.0333545181506237,0.5271571887912648,0
49051,The Hobbit: An Unexpected Journey,2012,4,1017003568,17.6779,7.379,19793,20.74012646334788,9.893134140456636,2006-2015,1119.6459309952363,1.3420194022875411,1.1547309979672165,-0.0007371115856923,0.6308489388754698,0
497,The Green Mile,1999,10,286801374,30.8693,8.506,19471,19.474300460959977,9.876732815227308,1996-2005,630.7559190665422,-0.0728356776377987,1.1405975397286354,0.2388470840602984,2.300286115231185,0
281957,The Revenant,2015,13,532950503,14.8474,7.541,19469,20.09393911477868,9.876630098366244,2006-2015,1311.2724710909176,0.6197546905641943,1.1405090258771062,-0.0521450793355883,0.870821274784633,0
383498,Deadpool 2,2018,9,734546611,16.3861,7.491,19384,20.414764012422378,9.87225485010503,2016-2026,1182.9531231024323,0.9783511606488808,1.136738758065287,-0.024198977948284,0.7967557390101992,0
209112,Batman v Superman: Dawn of Justice,2016,7,874360194,17.3195,6.0,19141,20.58900297114632,9.859640152755851,2016-2026,1105.1698344814604,1.173103737548406,1.125868337798384,-0.0072464264210792,-1.411878537783385,0
9806,The Incredibles,2004,4,631442092,17.3134,7.728,19047,20.26351679800481,9.854717388166698,1996-2005,1100.1298993092637,0.8092972075466681,1.1216262606024052,-0.0073572155407663,1.1478263785810106,0
808,Shrek,2001,4,484944448,24.3003,7.773,18992,19.999544904197432,9.851825769212237,1996-2005,781.553815568608,0.5142471973506864,1.1191344756299515,0.1195399156628187,1.214485360778,0
1930,The Amazing Spider-Man,2012,7,757930663,28.4553,6.742,18693,20.44610246712729,9.83595789574253,2006-2015,656.9248410929277,1.0133791753622825,1.1054607069628826,0.1950036521054322,-0.3127459868908027,0
2062,Ratatouille,2007,6,623743986,24.4023,7.846,18665,20.251250564903376,9.834458966125691,2006-2015,764.8866029486553,0.7955868380469262,1.104169039439317,0.1213924550411933,1.3226210430086722,0
77338,The Intouchables,2011,16,426588510,30.3277,8.273,18593,19.87133043208706,9.830594227015805,2006-2015,613.0696976461461,0.3709376928507813,1.1008386909431516,0.2290104632041445,1.9551407185223275,0
129,Spirited Away,2001,15,274925095,32.5442,8.535,18573,19.43200924034735,9.829518032335953,1996-2005,570.7005946679916,-0.1201059566549305,1.0999113053598788,0.2692668703822559,2.343244125980356,0
101299,The Hunger Games: Catching Fire,2013,5,865011746,13.8764,7.4,18567,20.578253645150763,9.829194947954273,2006-2015,1338.0261897709854,1.1610888646812871,1.09963289495388,-0.069780527731684,0.6619564639007327,0
76338,Thor: The Dark World,2013,10,644783140,17.2224,6.511,18448,20.284424602723067,9.822765447457764,2006-2015,1071.162514421617,0.8326665439798766,1.094092423346145,-0.0090099712606888,-0.6549287621686818,0
269149,Zootopia,2016,4,1023784195,24.2675,7.8,18290,20.746771595259897,9.814164414575924,2016-2026,753.682598667931,1.349446883335299,1.0866806845174573,0.1189441971176158,1.254480750096194,0
18785,The Hangover,2009,10,468813190,17.3719,7.336,18248,19.96571493362985,9.811865562988816,2006-2015,1050.4314148530589,0.4764343339547905,1.08469970295354,-0.0062947297208162,0.5671525781094586,0
313369,La La Land,2016,17,447407695,20.3613,7.9,18241,19.918980808481656,9.811481906740104,2016-2026,895.8657375188532,0.4241980753797139,1.0843690961584598,0.047999203786175,1.40261182164506,0
274,The Silence of the Lambs,1991,4,130879838,5.3827,8.346,18169,18.68979020068348,9.807527161390215,1986-1995,3375.4372797345577,-0.949708427061392,1.0809611868910487,-0.2240443877130622,2.063276400753,0
329,Jurassic Park,1993,1,978167947,12.5529,8.0,18067,20.701191939227243,9.801897696774494,1986-1995,1439.267866972678,1.2985010126094674,1.0761101274833849,-0.0938181342736332,1.550742893193925,0
207703,Kingsman: The Secret Service,2015,18,414351546,12.8882,7.62,17928,19.842225318810943,9.794174792595427,2006-2015,1391.0387866119502,0.3384059568200521,1.0694550955168078,-0.0877283651209958,0.9878448213082364,0
424694,Bohemian Rhapsody,2018,6,903655259,10.3032,7.956,17868,20.621958496066693,9.79082264687866,2016-2026,1734.2168120420724,1.2099392044745392,1.0665664623828928,-0.1346775248572548,1.4855652217124249,0
374720,Dunkirk,2017,19,526045546,16.0609,7.45,17706,20.08089835820793,9.781715320606216,2016-2026,1102.4281936702216,0.6051786108775801,1.058718437071709,-0.0301053093781607,0.7360219996751651,0
109445,Frozen,2013,1,1284879663,22.3247,7.2,17693,20.973930904215862,9.780980878043332,2006-2015,792.5298917656713,1.6033502647023914,1.0580855483785068,0.0836587706048097,0.3656943208030014,0
424,Schindler's List,1993,9,96065768,26.5366,8.57,17628,18.38054360861252,9.777300552285745,1986-1995,664.2898245103652,-1.2953634467211332,1.0549141137735614,0.160155933426144,2.3950900010224587,0
857,Saving Private Ryan,1998,2,481840909,22.6259,8.23,17455,19.99312455529168,9.767438708072852,1996-2005,771.4606837912818,0.5070709636131419,1.0464159002823097,0.0891292104162454,1.8914443577563165,0
335983,Venom,2018,7,856085151,12.179,6.825,17356,20.567880405794057,9.761751162220882,2016-2026,1425.0747802982344,1.1494943561379083,1.041514790728364,-0.10060896244593,-0.1897971975052441,0
58,Pirates of the Caribbean: Dead Man's Chest,2006,1,1066179725,20.3057,7.387,17347,20.787347746978,9.761232504955258,2006-2015,854.2917238550141,1.3948001738143023,1.041067849965874,0.0469893882034532,0.642699424599379,0
640,Catch Me If You Can,2002,11,352114312,15.0879,7.978,17263,19.67946643368249,9.756378687497916,1996-2005,1144.1611197309635,0.1564850332550681,1.0368851863474269,-0.0477770820757932,1.5181540574531742,0
240832,Lucy,2014,18,458863600,12.4716,6.474,17183,19.94426355828504,9.751733997308593,2006-2015,1377.7691893829265,0.4524574308727394,1.0328827332587829,-0.0952947171311024,-0.709737258641762,0
429617,Spider-Man: Far from Home,2019,4,1131927996,23.1025,7.4,17132,20.84718820781394,9.748761707332973,2016-2026,741.5644447291659,1.4616858119976632,1.030321431921484,0.0977852914724547,0.6619564639007327,0
333339,Ready Player One,2018,12,583490172,16.052,7.589,17100,20.1845381680752,9.746892220313054,2016-2026,1065.2871509549273,0.7210202124852116,1.0287104452265583,-0.0302669525199993,0.9419241891280884,0
6479,I Am Legend,2007,7,585410052,13.0018,7.219,17009,20.187823104947856,9.741556685389908,2006-2015,1308.2024733479416,0.7246918937532095,1.0241126728537544,-0.085665144793708,0.3938392243972861,0
299537,Captain Marvel,2019,5,1128274794,16.1124,6.779,16874,20.843955572942203,9.733588515740731,2016-2026,1047.267292726538,1.4580725903849048,1.0172462891073248,-0.0291699586135892,-0.2579374904177226,0
131631,The Hunger Games: Mockingjay - Part 1,2014,5,755356711,15.2459,6.8,16826,20.44270066186144,9.730740018176446,2006-2015,1103.6402549929785,1.0095768664728944,1.0147916629838496,-0.0449074622543893,-0.226829965392461,0
72190,World War Z,2013,12,540007876,18.9091,6.844,16756,20.10709428445324,9.726571360400724,2006-2015,886.1337207303782,0.6344586535150397,1.0111994196888536,0.0216241284403354,-0.1616522939109594,0
177572,Big Hero 6,2014,11,657827828,29.2274,7.7,16709,20.30445379699644,9.72376262158944,2006-2015,571.6893833562399,0.855053828812887,1.0087790547404545,0.2090266487136974,1.1063496785473288,0
330459,Rogue One: A Star Wars Story,2016,2,1056057273,12.4042,7.5,16539,20.777808257502148,9.713536968577682,2016-2026,1333.3376329488135,1.3841375747530271,0.9999673375296108,-0.0965188460928911,0.8100875354495977,0
558,Spider-Man 2,2004,3,786421113,11.2799,7.315,16522,20.483002975368645,9.71250862865099,1996-2005,1464.727998716302,1.0546240790367412,0.9990811896601104,-0.1169385522017793,0.536045053084197,0
49047,Gravity,2013,8,723192705,13.6314,7.171,16452,20.39918628126129,9.70826311038665,2006-2015,1206.9184332361804,0.9609394215746332,0.9954227136375208,-0.0742302546699368,0.3227363100538306,0
127585,X-Men: Days of Future Past,2014,6,746045700,15.5013,7.533,16391,20.430297417685733,9.704548689918736,2006-2015,1057.3945040773974,0.9957133552190172,0.9922218987137418,-0.0402688489481454,0.8589707890607238,0
1422,The Departed,2006,14,291465034,19.7141,8.161,16365,19.4904306080184,9.702961291087329,2006-2015,830.1160945130164,-0.0548064852665761,0.990853994914628,0.0362446598088803,1.7892339183875978,0
49521,Man of Steel,2013,9,670145518,15.9949,6.653,16354,20.323005439303717,9.702288939972483,2006-2015,1022.4502669911866,0.8757896055388295,0.9902746120738872,-0.0313040113288737,-0.4445826405692936,0
118,Charlie and the Chocolate Factory,2005,8,474968763,14.6826,7.038,16220,19.978759599836632,9.694061978050115,1996-2005,1104.7082228568354,0.4910147835693332,0.983185220141564,-0.0551382017822171,0.1257219848938394,0
37724,Skyfall,2012,2,1108561013,9.9125,7.263,16216,20.826328627454465,9.693815353719376,2006-2015,1635.912599331552,1.4383703775058472,0.9829726973953588,-0.1417734771624604,0.4590168958787863,0
20352,Despicable Me,2010,9,543239815,20.4684,7.261,16169,20.113061430491594,9.690912952571152,2006-2015,789.9489994581895,0.6411283276006535,0.9804716211197256,0.0499443701334683,0.4560542744478092,0
321612,Beauty and the Beast,2017,2,1263521126,14.7874,6.967,16075,20.957168205665788,9.685082755569091,2016-2026,1087.073395543912,1.5846140488622285,0.9754475852751112,-0.053234808381691,0.020548924094144,0
1893,Star Wars: Episode I - The Phantom Menace,1999,1,924305084,14.1661,6.582,15983,20.64455275368044,9.679343500888336,1996-2005,1128.256098533754,1.235193544408813,0.9705019168479034,-0.0645189526540847,-0.5497557013689877,0
10193,Toy Story 3,2010,1,1066969703,25.6226,7.814,15956,20.78808841523593,9.677652883410428,2006-2015,622.7312518123642,1.395628042925301,0.9690450667954036,0.1435557276238458,1.2752191001130353,0
44214,Black Swan,2010,16,329398046,11.1091,7.684,15668,19.61277744672849,9.659439517104408,2006-2015,1410.3740083589057,0.0819445736745693,0.9533501245592846,-0.1200406475530184,1.0826487070995103,0
285,Pirates of the Caribbean: At World's End,2007,1,960996492,17.4035,7.278,15620,20.683481317604286,9.65637144183101,2006-2015,897.5200979572511,1.2787052721802097,0.950706282482922,-0.0057208057565354,0.4812365566111156,0
122917,The Hobbit: The Battle of the Five Armies,2014,2,956019788,26.3341,7.338,15507,20.678289170592237,9.64911129879082,2006-2015,588.8560501949753,1.2729018398270546,0.9444500240995344,0.1564780978955473,0.5701151995404357,0
559,Spider-Man 3,2007,3,885837026,20.3048,6.5,15376,20.602043549211945,9.640628165515691,2006-2015,757.2589942974104,1.1876796177140136,0.9371398824981764,0.0469730422677616,-0.6712231800390572,0
920,Cars,2006,6,461983149,17.5547,7.04,15260,19.951038976519428,9.633055833490875,2006-2015,869.2823749295773,0.4600305371997245,0.9306146025622564,-0.0029746885603566,0.1286846063248164,0
137113,Edge of Tomorrow,2014,20,370541256,13.991,7.642,15234,19.73047535142669,9.63135069141981,2006-2015,1088.8420492873638,0.2134993671806893,0.929145236281466,-0.0676991452536278,1.0204336570489871,0
863,Toy Story 2,1999,3,487059677,26.0735,7.617,15108,20.00389721563365,9.62304587173984,1996-2005,579.4386716633089,0.5191119180416295,0.9219887522483404,0.1517450414053078,0.9834008891617704,0
1895,Star Wars: Episode III - Revenge of the Sith,2005,2,849997605,13.6868,7.472,15080,20.560744090974083,9.621190952360683,1996-2005,1101.7907021431583,1.1415178639060066,0.9203903188769714,-0.0732240715173686,0.7686108354159159,0
1865,Pirates of the Caribbean: On Stranger Tides,2011,3,1045713802,16.1988,6.572,15072,20.76796555425219,9.62066034281053,2006-2015,930.438717411958,1.3731360637498318,0.9199330785129608,-0.0276007487872013,-0.5645688085238739,0
297802,Aquaman,2018,5,1151961807,12.8945,6.867,15023,20.864732245892768,9.617404201448045,2016-2026,1165.0694753038308,1.4812953565570324,0.9171271748849232,-0.087613943571155,-0.1275821474547208,0
607,Men in Black,1997,3,250690539,11.2395,7.226,14965,19.339729828072727,9.613536240640304,1996-2005,1331.463738187875,-0.2232496707064515,0.9137940501660184,-0.1176723030928218,0.4042083994057062,0
12155,Alice in Wonderland,2010,2,1025467110,14.7765,6.645,14910,20.74841406377763,9.609854474590907,2006-2015,1009.0339329110866,1.3512827240602872,0.9106213744233094,-0.0534327758250663,-0.4564331262932029,0
10528,Sherlock Holmes,2009,8,524028679,10.3517,7.222,14874,20.07705697361196,9.607437230413831,2006-2015,1436.8640543446447,0.6008849698089729,0.9085383708152796,-0.1337966605449884,0.3982831565437522,0
1271,300,2007,10,456068181,12.3165,7.207,14867,19.9381528782312,9.606966531417145,2006-2015,1207.0789533723434,0.4456273241284752,0.9081327569688608,-0.0981116667152779,0.3760634958114215,0
353486,Jumanji: Welcome to the Jungle,2017,5,962077546,10.7704,6.821,14615,20.684605615568262,9.589872098057842,2016-2026,1356.9585558952724,1.2799619367475992,0.8934020290174477,-0.1261921680182682,-0.1957224403671994,0
10191,How to Train Your Dragon,2010,10,494878759,15.9423,7.864,14508,20.01982336123996,9.582524425515684,2006-2015,910.0312313585672,0.5369130913246934,0.8870703441338588,-0.0322593404592904,1.3492846358874675,0
280,Terminator 2: Judgment Day,1991,2,205069735,20.8345,8.2,14508,19.138860654865837,9.582524425515684,1986-1995,696.3446704530129,-0.4477677083957146,0.8870703441338588,0.0565935335297718,1.847005036291655,0
8966,Twilight,2008,13,392616625,15.6832,6.3,14503,19.78834418735622,9.582179752434689,2006-2015,924.7469108683746,0.2781812557892393,0.8867733301713817,-0.0369651537233774,-0.9674853231367884,0
1894,Star Wars: Episode II - Attack of the Clones,2002,4,645256452,10.9123,6.6,14482,20.285158397287884,9.580730826800856,1996-2005,1327.1250541819286,0.8334867301395013,0.8855247524101202,-0.1236149588242353,-0.5230921084901923,0
425,Ice Age,2002,8,383257136,18.7143,7.38,14419,19.764216697852003,9.57637141083894,1996-2005,770.4799161711011,0.2512131724772444,0.8817681277117588,0.0180861414706553,0.6323302495909588,0
102382,The Amazing Spider-Man 2,2014,9,708982323,26.3243,6.547,14388,20.379341153297048,9.574219304763416,2006-2015,546.5670325262087,0.9387578736691478,0.8799136006587253,0.1563001088180172,-0.6016015764110908,0
76600,Avatar: The Way of Water,2022,1,2320631329,38.2309,7.594,14375,21.565105110605337,9.573315428463395,2016-2026,376.0046517333749,2.2641249900225504,0.8791347064071583,0.372549573156795,0.9493307427055316,0
57158,The Hobbit: The Desolation of Smaug,2013,4,958366855,15.8139,7.582,14340,20.68074120208973,9.570877846729212,2006-2015,906.79661133774,1.275642555544564,0.8770341773851742,-0.0345913606179502,0.9315550141196672,0
62177,Brave,2012,13,538983207,17.3956,7.0,14286,20.105194974399108,9.567105311865156,2006-2015,821.2416810908039,0.6323357326132949,0.8737832837403504,-0.0058642867476056,0.0694321777052702,0
363088,Ant-Man and the Wasp,2018,11,622674139,13.4877,6.903,14285,20.24953389015425,9.567035315714918,2016-2026,1059.1123326346726,0.7936680545926493,0.873722966195735,-0.0768401557353528,-0.0742549616971299,0
165,Back to the Future Part II,1989,7,118913165,9.4383,7.786,14062,18.593904087238023,9.551302513870247,1986-1995,1489.8853714277238,-1.0568834688496611,0.8601655923409742,-0.1503859690568255,1.2337424000793522,0
489,Good Will Hunting,1997,11,138762914,21.3635,8.162,14005,18.748277387340124,9.547241088215465,1996-2005,655.5570690396851,-0.8843353876423947,0.8566657538170509,0.0662013112862441,1.7907152291030883,0
350,The Devil Wears Prada,2006,12,326551094,38.9067,7.441,13935,19.60409698754572,9.542230699092284,2006-2015,358.16444001561683,0.0722421408380986,0.8523481682292194,0.3848235546460654,0.7226902032357667,0
246655,X-Men: Apocalypse,2016,15,543934105,17.6708,6.527,13884,20.11433866880708,9.5385643997409,2016-2026,785.7025229743289,0.6425559385957861,0.8491888205516132,-0.0008660628561478,-0.6312277907208633,0
87827,Life of Pi,2012,11,609016565,10.655,7.412,13858,20.22735602727465,9.536690120068805,2006-2015,1300.608821577831,0.7688791326571672,0.8475737039008182,-0.1282880802169392,0.6797321924865959,0
277834,Moana,2016,12,643331111,8.5879,7.566,13852,20.282170098339392,9.53625709465788,2016-2026,1612.965203408047,0.830146610771095,0.8472005543854,-0.1658310620702548,0.9078540426718484,0
4922,The Curious Case of Benjamin Button,2008,16,335802786,11.283,7.601,13843,19.63203460215636,9.535607204755236,2006-2015,1226.888924143469,0.1034689254659172,0.8466405269686972,-0.1168822495343973,0.9596999177139516,0
102651,Maleficent,2014,4,758410378,13.4411,7.088,13806,20.446735194201736,9.532930988916153,2006-2015,1027.1473114943633,1.0140863950858483,0.8443343605906615,-0.0776865119611592,0.1997875206682719,0
260513,Incredibles 2,2018,4,1242805359,16.0974,7.5,13781,20.94063704831584,9.531118671917154,2016-2026,856.1004534269799,1.5661366341863543,0.8427726388235315,-0.0294423908751149,0.8100875354495977,0
141052,Justice League,2017,14,661324295,12.9104,6.07,13765,20.30975489172503,9.52995706295831,2016-2026,1066.193869908082,0.8609790355883585,0.8417716494839612,-0.0873251653739378,-1.3081867876991784,0
190859,American Sniper,2014,13,547626372,11.6726,7.412,13741,20.121103811285334,9.52821211559102,2006-2015,1177.2003005326144,0.6501175593744128,0.840267981920562,-0.109806275595037,0.6797321924865959,0
49538,X-Men: First Class,2011,19,352616690,0.8348,7.302,13640,19.680892163733382,9.52083524249312,2006-2015,16339.04720834681,0.1580786183143921,0.8339111341413317,-0.3066440331925717,0.5167880137828433,0
809,Shrek 2,2004,1,929110148,16.0391,7.326,13571,20.64973785702621,9.51576412590412,1996-2005,846.1192672161984,1.2409891038260366,0.8295412180808017,-0.0305012442649113,0.5523394709545711,0
68726,Pacific Rim,2013,16,411002906,28.3973,6.937,13548,19.8341108454282,9.51406802284643,2006-2015,477.0874424373295,0.3293361448041502,0.8280796409582825,0.1939502473608663,-0.0238903973705146,0
131634,The Hunger Games: Mockingjay - Part 2,2015,9,653428261,10.4716,6.9,13437,20.29774330994545,9.505841793480096,2006-2015,1283.183770212985,0.847553298191018,0.8209908802889814,-0.1316190186678598,-0.0786988938435947,0
70981,Prometheus,2012,17,403354469,15.2257,6.601,13376,19.815326311472536,9.501292093295586,2006-2015,878.5140397393619,0.3083400574737751,0.8170702826142974,-0.0452743376999106,-0.5216107977747031,0
72105,Ted,2012,12,549368315,12.9384,6.455,13281,20.1242796597768,9.49416501410066,2006-2015,1026.478524022658,0.6536673089946194,0.8109286888859787,-0.0868166251524232,-0.7378821622360465,0
82690,Wreck-It Ralph,2012,14,471222889,14.4756,7.4,13168,19.970841767220247,9.48562086171022,2006-2015,909.66805543946,0.4821647633626391,0.8035659654897984,-0.0588977669912715,0.6619564639007327,0
14,American Beauty,1999,7,356296601,10.9627,7.999,13154,19.691274093623488,9.484557193474393,1996-2005,1199.8857946620865,0.1696828405508877,0.8026493742765533,-0.122699586425509,1.549261582478436,0
64682,The Great Gatsby,2013,20,353641895,9.9584,7.349,13026,19.68379536587197,9.474779405697564,2006-2015,1308.0401389378426,0.161323622198082,0.7942235944522255,-0.1409398344421918,0.586409617410811,0
745,The Sixth Sense,1999,2,672806292,12.2938,7.954,13013,20.326968020027547,9.47378098005493,1996-2005,1058.500172037798,0.8802187114792613,0.7933632245170401,-0.0985239475377201,1.4826026002814463,0
166426,Pirates of the Caribbean: Dead Men Tell No Tales,2017,12,794861794,12.4021,6.662,12913,20.493678814738907,9.466067273186413,2016-2026,1041.1937968619854,1.0665568135018153,0.7867161181176203,-0.0965569866095047,-0.4312508441298952,0
351286,Jurassic World: Fallen Kingdom,2018,3,1308467944,12.8457,6.531,12865,20.99212278211817,9.462343451970945,2016-2026,1001.5016686504678,1.6236839209986762,0.7835072023196061,-0.0885002565286519,-0.6253025478589094,0
61791,Rise of the Planet of the Apes,2011,14,481800873,11.925,7.346,12862,19.99304146217412,9.462110252078716,2006-2015,1078.5735190159169,0.5069780877208274,0.7833062477691676,-0.1052221487410982,0.5819656852643449,0
14161,2012,2009,5,769679473,11.5937,5.887,12845,20.461484718616155,9.460787757817736,2006-2015,1107.9283508040137,1.0305724204201816,0.7821666192850689,-0.1112392692906621,-1.579266648633603,0
9502,Kung Fu Panda,2008,3,632037515,16.6463,7.332,12787,20.264459311108844,9.456262510179732,2006-2015,768.1582284602414,0.8103506852368212,0.7782670930201657,-0.0194731863183518,0.5612273352475033,0
2048,"I, Robot",2004,11,353133898,10.8093,6.968,12778,19.68235786025541,9.455558477608704,1996-2005,1182.1291090735672,0.1597168752042882,0.777660409425876,-0.1254856603533783,0.0220302348096332,0
207,Dead Poets Society,1989,3,175481288,17.4092,8.299,12735,18.983042979801755,9.452187908084165,1986-1995,731.5093562545343,-0.6219302146885893,0.7747559000067159,-0.0056172814971557,1.993654797125032,0
127380,Finding Dory,2016,3,1028570889,11.1692,7.0,12728,20.75143619030186,9.451638133870434,2016-2026,1139.5613476691726,1.35466065361531,0.7742821449423068,-0.1189491022918388,0.0694321777052702,0
161,Ocean's Eleven,2001,5,450717150,12.1129,7.463,12681,19.926350541074843,9.447938944259976,1996-2005,1046.8995476726898,0.4324354662829593,0.7710944548535518,-0.1018094806117198,0.7552790389765175,0
771,Home Alone,1990,1,290177476,1.1491,7.469,12609,19.486003283410664,9.442245428958966,1986-1995,10972.839849970846,-0.0597550506301505,0.7661882012665747,-0.3009356692060703,0.7641669032694498,0
38757,Tangled,2010,8,591794936,18.5714,7.614,12505,20.198670742638637,9.433963808127244,2006-2015,673.346827192981,0.736816652814117,0.7590517082980913,0.0154907701258539,0.978956957015304,0
216015,Fifty Shades of Grey,2015,11,569651467,19.5855,5.868,12457,20.16053527212605,9.430118265814093,2006-2015,636.0314334423765,0.6941913914604396,0.755737902192323,0.0339090072200668,-1.6074115522278865,0
562,Die Hard,1988,7,83090687,16.2588,7.814,12420,18.235443195785003,9.427143867544194,1986-1995,763.893544484498,-1.457546918857899,0.7531747840817615,-0.0265110197410985,1.2752191001130353,0
8358,Cast Away,2000,3,429632142,11.7087,7.665,12369,19.878439919123498,9.423029465386534,1996-2005,1056.393061233902,0.3788841987925077,0.7496292942960932,-0.1091506219522985,1.0545038035052257,0
1858,Transformers,2007,5,709709780,3.9272,6.84,12339,20.38036668527991,9.42060129745938,2006-2015,3141.9251835272366,0.9399041442725644,0.74753687740204,-0.2504793981564374,-0.1675775367729147,0
119450,Dawn of the Planet of the Apes,2014,8,710644566,14.7442,7.34,12324,20.381682957006444,9.41938499891089,2006-2015,835.8535316575117,0.94137538418653,0.7464887605882858,-0.054019413294885,0.5730778209714127,0
36657,X-Men,2000,9,296339528,0.6971,7.019,12291,19.507016412353035,9.416703923250376,1996-2005,17631.363773292593,-0.036267989870492,0.7441784063728467,-0.3091449613533775,0.0975770812995548,0
414906,The Batman,2022,7,772245583,31.4258,7.7,12164,20.46481317139116,9.406318255217624,2016-2026,387.07037304686816,1.0342927408339853,0.7352287999618847,0.2489543209629011,1.1063496785473288,0
812,Aladdin,1992,1,346493248,14.1253,7.656,12111,19.663373892998944,9.40195197567723,1986-1995,857.3971119925865,0.1384978747577179,0.7314662607353729,-0.0652599684054345,1.0411720070658272,0
604,The Matrix Reloaded,2003,3,739412035,12.576,7.082,12089,20.421365882397613,9.400133943608838,1996-2005,961.27468092026,0.9857302864164404,0.729899614140921,-0.0933985885908836,0.1908996563753396,0
93456,Despicable Me 2,2013,3,970766005,15.3325,6.9,12076,20.693596014722377,9.399058096275375,2006-2015,787.6075084901298,1.290010799616398,0.7289725278752704,-0.0433346199978478,-0.0786988938435947,0
872585,Oppenheimer,2023,3,975811333,41.9823,8.024,12044,20.69877982036361,9.396404915048972,2016-2026,286.88273703852883,1.2958049085468637,0.72668621103572,0.440683065549291,1.5862943503656517,0
953,Madagascar,2005,6,542063846,16.3041,6.927,11830,20.110894351359164,9.378478484253662,1996-2005,725.5839171840721,0.6387061124515451,0.7112385287618954,-0.025688274311291,-0.0387035045254021,0
36557,Casino Royale,2006,4,606000350,9.8802,7.574,11797,20.22239112324134,9.37568530456302,2006-2015,1194.0029614755151,0.7633296972058365,0.7088315715216388,-0.142360114632279,0.919704528395758,0
13223,Gran Torino,2008,19,269958228,4.5683,7.991,11659,19.413777797586818,9.363919459904483,2006-2015,2552.1472929814317,-0.1404838358859223,0.6986926301984271,-0.2388356432988298,1.5374110967545267,0
196,Back to the Future Part III,1990,11,87727583,7.6769,7.5,11631,18.289746934685123,9.3615151997733,1986-1995,1515.062701008609,-1.3968498556779387,0.6966208152881299,-0.1823767814202478,0.8100875354495977,1
411,"The Chronicles of Narnia: The Lion, the Witch and the Wardrobe",2005,3,745013115,19.9533,7.139,11612,20.42891238155799,9.359880439245758,1996-2005,581.9585823104037,0.9941652550871496,0.6952120986555991,0.0405890462726764,0.2753343671581936,0
310,Bruce Almighty,2003,5,484592874,9.3709,6.728,11571,19.9988196633909,9.356343666096024,1996-2005,1234.778692784372,0.5134365720061649,0.692164367151458,-0.1516100980186142,-0.3334843369076442,0
600,Full Metal Jacket,1987,20,50875675,11.034,8.117,11569,17.744895489108043,9.356170820187725,1986-1995,1048.4855460526137,-2.005848117781237,0.6920154212344332,-0.1214046250757236,1.724056246906099,0
338952,Fantastic Beasts: The Crimes of Grindelwald,2018,10,655755901,8.9382,6.833,11545,20.301299177052,9.35409433562088,2016-2026,1291.645642695797,0.8515278070332714,0.6902260592470206,-0.1594688606560917,-0.1779467117813348,0
508442,Soul,2020,18,121903885,15.926,8.091,11537,18.6187434725324,9.353401214816834,2016-2026,724.412454845878,-1.0291196763539538,0.6896287786126039,-0.032555383516815,1.6855421683033915,0
12405,Slumdog Millionaire,2008,14,378410113,7.5069,7.731,11428,19.751489123114613,9.343909263897595,2006-2015,1522.330759260468,0.23698714635805,0.681449312011953,-0.1854643470508721,1.1522703107274768,0
62211,Monsters University,2013,7,743559607,14.9493,7.1,11416,20.426959492809576,9.342858751676328,2006-2015,763.6472853931051,0.991982447528284,0.6805440576864137,-0.0502943561722905,0.2175632492541351,0
8844,Jumanji,1995,9,100479195,2.9893,7.249,11397,18.425461259059794,9.341193180394946,1986-1995,3812.585513044816,-1.245157521267117,0.6791087906077082,-0.2675136793620998,0.4382785458619447,1
854,The Mask,1994,9,119966538,11.8254,6.995,11387,18.60272342019609,9.340315448397927,1986-1995,962.9264439879886,-1.0470258122572598,0.6783524255975004,-0.1070310989576287,0.0620256241278271,1
45243,The Hangover Part II,2011,8,586764305,9.4518,6.513,11377,20.19013377416213,9.339436945310592,2006-2015,1203.6847968801742,0.7272746042281693,0.6775953961182533,-0.1501407800214524,-0.6519661407377049,0
168259,Furious 7,2015,3,1515047671,11.8694,7.218,11372,21.138712742079345,9.338997404184443,2006-2015,958.0931149905512,1.7875323086332116,0.677216631837703,-0.10623196432382,0.3923579136817969,0
497698,Black Widow,2021,13,379751655,17.2664,7.163,11360,19.75502806019431,9.337941716569905,2016-2026,657.9248378788642,0.2409427319561487,0.6763069177381121,-0.0082108366268802,0.3108858243299213,0
2080,X-Men Origins: Wolverine,2009,15,373062864,1.3593,6.295,11345,19.737257502281004,9.336620537886512,2006-2015,8346.146206531255,0.2210799987769303,0.6751684229222151,-0.297117985114557,-0.9748918767142316,0
206647,Spectre,2015,6,880674609,9.1607,6.57,11327,20.59619877401982,9.3350328159335,2006-2015,1236.4762119966683,1.1811467215213278,0.6738002406806214,-0.1554277821101274,-0.567531429954851,0
787,Mr. & Mrs. Smith,2005,7,487287646,10.3028,6.693,11319,20.00436515760529,9.334326351757174,1996-2005,1098.632314873321,0.5196349520719264,0.6731914617073641,-0.1346847897175621,-0.3853302119497473,0
346698,Barbie,2023,1,1447138421,21.1591,6.917,11265,21.09285394138885,9.32954461945466,2016-2026,532.3947935428287,1.736274428803098,0.6690709157843541,0.0624889676691875,-0.0535166116802884,0
82992,Fast & Furious 6,2013,6,788679850,1.1525,6.8,11257,20.48587103093906,9.328834266023971,2006-2015,9767.377289567983,1.0578297984528795,0.6684587853371573,-0.3008739178934578,-0.226829965392461,0
580489,Venom: Let There Be Carnage,2021,7,506813864,11.8586,6.741,11251,20.04365436396916,9.328301169609748,2016-2026,948.7621230481484,0.5635497816814422,0.6679994019762269,-0.1064281155521185,-0.3142272976062918,0
577922,Tenet,2020,5,365304105,21.3572,7.177,11248,19.716240731778992,9.328034514792826,2016-2026,526.660551635724,0.1975888677270845,0.6677696184272519,0.0660868897364033,0.3316241743467615,0
197,Braveheart,1995,19,75617265,12.6455,7.945,11235,18.14119520131698,9.326878188224134,1986-1995,888.457642277773,-1.5628909815444827,0.6667731810637914,-0.0921363191124813,1.4692708038420494,0
4935,Howl's Moving Castle,2004,17,235184110,20.4296,8.389,11223,19.27587921643468,9.325809621782296,1996-2005,549.3496939001773,-0.2946175854609393,0.6658523689361314,0.0492396786836553,2.126972761519011,0
293167,Kong: Skull Island,2017,17,568652812,13.1262,6.556,11216,20.158780635386325,9.325185763645225,2016-2026,854.4736066236941,0.6922301766489674,0.665314773784286,-0.0834057732381217,-0.5882697799716925,0
652,Troy,2004,8,497409852,50.9326,7.18,11213,20.024924898144217,9.32491827668362,1996-2005,220.1536500878317,0.5426152457999547,0.6650842731541028,0.6032397635715108,0.3360681064932276,0
361743,Top Gun: Maverick,2022,2,1495696292,31.451,8.159,11204,21.125857683188293,9.324115386235029,2016-2026,356.2365723708078,1.773163789310308,0.6643924010970186,0.2494120071622643,1.786271296956622,0
453,A Beautiful Mind,2001,12,313542341,9.4845,7.854,11181,19.563444971118127,9.32206062158659,1996-2005,1178.8695462390783,0.0268040538946427,0.6626217557410653,-0.1495468776913264,1.3344715287325817,0
211672,Minions,2015,5,1159398397,10.4279,6.421,11174,20.87116708511977,9.32143441948177,2006-2015,1071.5474145825965,1.488487786600068,0.6620821407298609,-0.132412704656438,-0.7882467265626605,0
89,Indiana Jones and the Last Crusade,1989,2,197171806,11.7049,7.854,11171,19.09958602338068,9.321165927065069,1986-1995,954.385809032278,-0.4916662471870958,0.6618507736722732,-0.1092196381252183,1.3344715287325817,0
41154,Men in Black 3,2012,10,654213485,7.128,6.546,11065,20.298944287347062,9.311632623458054,2006-2015,1552.3266662083809,0.8488956698711281,0.6536356723605515,-0.1923459859770108,-0.6030828871265786,0
1593,Night at the Museum,2006,5,574480841,9.0236,6.6,11045,20.168977307438567,9.309823650461134,2006-2015,1224.0112327549618,0.7036273301473408,0.6520768322089652,-0.1579178129804722,-0.5230921084901923,0
58574,Sherlock Holmes: A Game of Shadows,2011,12,543848418,7.2742,7.146,11018,20.114181124448333,9.307376334487778,2006-2015,1514.666197428999,0.6423798461187314,0.6499679149341472,-0.1896906795346739,0.2857035421666137,0
679,Aliens,1986,7,85208713,16.8665,8.0,10973,18.260614263564914,9.30328411761892,1986-1995,650.5791654586516,-1.4294123940113792,0.6464415428019864,-0.0154738807191548,1.550742893193925,0
9799,The Fast and the Furious,2001,19,207283925,1.3535,7.011,10945,19.149600034602248,9.300729371703865,1996-2005,8086.382812095958,-0.4357639527874014,0.6442400502886809,-0.2972233255890137,0.0857265955756456,0
605,The Matrix Revolutions,2003,8,427343298,13.4346,6.755,10934,19.87309822709768,9.299723933110869,1996-2005,813.8680616705658,0.3729136150915369,0.6433736371076211,-0.0778045659411537,-0.2934889475894504,0
502356,The Super Mario Bros. Movie,2023,2,1360783214,30.5478,7.602,10923,21.03132626431377,9.298717482593595,2016-2026,357.5706409068277,1.6675029339045386,0.6425063519244916,0.2330079525882646,0.9611812284294408,0
495764,Birds of Prey and the Fantabulous Emancipation of One Harley Quinn,2020,11,205358461,10.0685,6.87,10881,19.14026760521201,9.294865327045873,2016-2026,1080.6961506717478,-0.4461951140259237,0.6391868470185756,-0.1389401816425932,-0.1231382153082547,0
337339,The Fate of the Furious,2017,3,1236005118,8.2753,6.854,10879,20.935150337559094,9.294681520409934,2016-2026,1314.633530345087,1.560003958311777,0.6390284559509845,-0.17150855040045,-0.1468391867560732,0
56292,Mission: Impossible - Ghost Protocol,2011,5,694713380,10.235,7.1,10851,20.35900991702936,9.292104673778825,2006-2015,1060.184601676012,0.9160329866307718,0.6368079186627588,-0.1359161835396582,0.2175632492541351,0
420818,The Lion King,2019,2,1656943394,14.0755,7.096,10807,21.22824041367275,9.288041879640035,2016-2026,767.7874549483465,1.8876003122204856,0.6333069008797669,-0.0661644435136998,0.2116380063921812,0
301528,Toy Story 4,2019,8,1073394593,28.7684,7.463,10768,20.794091981361174,9.28442691532888,2016-2026,374.29944859656825,1.4023384249319475,0.6301917899718813,0.2006902215110116,0.7552790389765175,0
10020,Beauty and the Beast,1991,1,248824279,15.0551,7.7,10762,19.332257502492297,9.283869605264298,1986-1995,714.8403432455824,-0.231601733143456,0.6297115410643336,-0.048372800620996,1.1063496785473288,0
608,Men in Black II,2002,5,441818803,7.5012,6.388,10740,19.906410410289904,9.281823473598047,1996-2005,1431.7690079333868,0.4101477306208502,0.6279483349787737,-0.1855678713102519,-0.8371299801737867,0
772,Home Alone 2: Lost in New York,1992,3,173661632,15.1723,6.791,10716,18.972619325984557,9.279586544712997,1986-1995,706.2866498245818,-0.6335810731216054,0.6260207138544145,-0.046244196550942,-0.240161761831858,1
399566,Godzilla vs. Kong,2021,8,470116094,16.6657,7.532,10704,19.968490232804573,9.278466201023782,2016-2026,642.2768666921481,0.4795363765169284,0.6250552838953736,-0.0191208405934452,0.8574894783452346,0
1402,The Pursuit of Happyness,2006,13,307127625,14.7734,7.887,10695,19.542773939033616,9.27762511878178,2006-2015,723.9357737990078,0.0036993659700001,0.6243305009539742,-0.0534890784924483,1.3833547823437065,0
420817,Aladdin,2019,9,1050693953,12.4055,7.081,10692,20.772716691383383,9.277344600756656,2016-2026,861.8750861512344,1.3784465649504791,0.6240887711097199,-0.0964952352968922,0.1894183456598518,0
13475,Star Trek,2009,13,385680446,12.0285,7.436,10578,19.77051972705288,9.266626182986776,2006-2015,879.4106668240705,0.2582582741475793,0.6148524253988623,-0.103342366136571,0.7152836496583236,0
602,Independence Day,1996,1,306173894,11.2798,6.916,10550,19.539663782818,9.263975921142093,1996-2005,935.299442100532,0.0002230427528088,0.6125686242681989,-0.1169403684168561,-0.0549979223957762,0
82702,How to Train Your Dragon 2,2014,12,621537519,17.548,7.7,10539,20.247706837165246,9.262932822095353,2006-2015,600.5809205716205,0.791625897773376,0.6116697580723479,-0.0030963749705048,1.1063496785473288,0
10674,Mulan,1998,6,304320254,15.1679,7.905,10537,19.533591175254703,9.262743050769233,1996-2005,694.6903034102919,-0.0065645091248709,0.6115062270725585,-0.0463241100143229,1.4100183752225033,0
566525,Shang-Chi and the Legend of the Ten Rings,2021,9,432243292,17.9025,7.5,10508,19.88449916592377,9.259987311865595,2016-2026,586.9568010295764,0.3856568169088368,0.6091315335544214,0.0033421074768854,0.8100875354495977,0
453395,Doctor Strange in the Multiverse of Madness,2022,4,955775804,24.5987,7.232,10493,20.678033929914736,9.258558944246657,2016-2026,426.56708420888737,1.2726165489825954,0.6079006711814507,0.1249595014521029,0.4130962636986384,0
36668,X-Men: The Last Stand,2006,7,460435291,0.6923,6.424,10475,19.947682886956688,9.256842205627605,2006-2015,15130.505120538488,0.4562793262453208,0.6064213118467812,-0.3092321396770657,-0.7838027944161944,0
454626,Sonic the Hedgehog,2020,6,319715683,13.493,7.28,10458,19.58294267131908,9.255218130754267,2016-2026,775.0679796427928,0.0485972704379406,0.605021803326729,-0.0767438963362804,0.4841991780420939,0
76170,The Wolverine,2013,15,414828246,2.8108,6.436,10377,19.843375129879583,9.247443459927686,2006-2015,3691.818372639915,0.339691138218092,0.5983221626629526,-0.2707556232742554,-0.7660270658303312,0
330457,Frozen II,2019,3,1450026933,18.4169,7.229,10354,21.09484796837879,9.245224773829683,2016-2026,562.2007166240157,1.7385032179185878,0.5964102618334671,0.0126847178321394,0.4086523315521723,0
8960,Hancock,2008,4,629443428,6.8085,6.356,10340,20.26034654084967,9.243871855184976,2006-2015,1518.6876423769666,0.8057537075457486,0.5952444158485948,-0.1981487931475078,-0.8845319230694236,0
568124,Encanto,2021,16,256786742,15.2464,7.6,10282,19.363756504615747,9.23824732522919,2016-2026,674.3882658278244,-0.1963942693349464,0.5903976087686651,-0.0448983811790052,0.9582186069984626,0
2501,The Bourne Identity,2002,19,214034224,11.935,7.481,10190,19.181646490105244,9.229260256828692,1996-2005,853.7906545532849,-0.3999445824501806,0.5826532128646945,-0.1050405272334144,0.781942631855313,0
337404,Cruella,2021,17,233503234,15.9057,7.972,10158,19.268706489366977,9.226115291091546,2016-2026,638.6385769638703,-0.3026347768517863,0.5799431122303711,-0.0329240751774131,1.5092661931602434,0
591,The Da Vinci Code,2006,2,760006945,11.1471,6.733,10157,20.44883813067657,9.22601685136119,2006-2015,911.1778748034244,1.0164369158908937,0.5798582840961483,-0.11935048582382,-0.3260777833302011,0
954,Mission: Impossible,1996,3,180981856,11.2836,7.0,10076,19.01390734663692,9.218010878280404,1996-2005,892.9766271609884,-0.5874321034765956,0.572959324127097,-0.1168713522439363,0.0694321777052702,0
9738,Fantastic Four,2005,11,333535934,9.9605,5.807,10067,19.625261168639653,9.217117356255208,1996-2005,1010.6912196263044,0.0958980375227326,0.5721893524295797,-0.1409016939255782,-1.6977715058726943,1
9741,Unbreakable,2000,13,248118121,8.0525,7.144,10001,19.32941548912228,9.21054035197885,1996-2005,1241.9729997230677,-0.234778344341361,0.5665217728910286,-0.1755550775916447,0.2827409207356366,0
550988,Free Guy,2021,14,331526598,12.0293,7.448,9948,19.61921860268198,9.20522732258936,2016-2026,826.9801011030559,0.0891440641291764,0.5619433941352422,-0.1033278364159563,0.7330593782441882,0
124905,Godzilla,2014,14,524976069,12.378,6.362,9877,20.078863238564672,9.19806534110057,2006-2015,797.9473275591149,0.6029038911608967,0.5557717241718718,-0.0969946944430226,-0.8756440587764914,0
810,Shrek the Third,2007,4,808310187,10.8572,6.313,9871,20.51045643885574,9.197457746145169,2006-2015,909.1654301611557,1.085309712135593,0.5552481434362874,-0.1246156933315729,-0.948228283835436,0
18239,The Twilight Saga: New Moon,2009,7,709827462,9.8298,5.989,9808,20.3805324886088,9.191055610564316,2006-2015,997.7812389049228,0.9400894680703904,0.5497312529043006,-0.1432754870310053,-1.42817295565376,0
281338,War for the Planet of the Apes,2017,20,490719763,12.4511,7.2,9807,20.011383777404117,9.190953658175992,2016-2026,787.6406199929163,0.5274798927333586,0.5496433978192663,-0.0956670412218541,0.3656943208030014,0
9487,A Bug's Life,1998,5,363258859,12.4807,6.981,9799,19.71062625103256,9.190137664658664,1996-2005,785.1316151084353,0.1913133791605318,0.5489402344992994,-0.0951294415591101,0.0412872741109855,0
177677,Mission: Impossible - Rogue Nation,2015,8,682714267,10.3095,7.2,9793,20.341586981540267,9.189525232262262,2006-2015,949.8996557547352,0.8965588023926153,0.5484124852121248,-0.134563103307414,0.3656943208030014,0
54138,Star Trek Into Darkness,2013,14,467365246,11.1583,7.324,9740,19.96262162343216,9.184099060770956,2006-2015,872.8920418952332,0.4729768400822265,0.5437366088975315,-0.1191470697352141,0.5493768495235941,0
180,Minority Report,2002,10,358372926,8.0883,7.356,9731,19.69708469770741,9.183174703903411,1996-2005,1203.09434232862,0.1761775425794954,0.5429400659961321,-0.1749048725941367,0.5967787924192312,0
474350,It: Chapter Two,2019,16,473093228,11.7977,6.8,9714,19.974803028514177,9.18142636181154,2016-2026,823.3801305507594,0.4865923945331609,0.5414334731082571,-0.1075341905339128,-0.226829965392461,0
744,Top Gun,1986,1,177472372,20.4283,7.07,9696,18.99432550969537,9.179571838304549,1986-1995,474.6354446354104,-0.6093193624037734,0.5398353808704606,0.0492160678876564,0.1731239277894764,0
512200,Jumanji: The Next Level,2019,10,801693929,13.9192,6.873,9453,20.502237459573763,9.15419321135318,2016-2026,679.1333703565073,1.0761230904617056,0.5179659429345393,-0.0690031876787974,-0.1186942831617886,0
50620,The Twilight Saga: Breaking Dawn - Part 2,2012,6,829746820,12.0915,6.5,9426,20.536631177282537,9.15133319139615,2006-2015,779.5552416530277,1.1145660724560549,0.5155013876587293,-0.1021981506381631,-0.6712231800390572,0
45269,The King's Speech,2010,13,410867243,8.4887,7.734,9383,19.833780712983145,9.146761390333312,2006-2015,1105.3505185122358,0.3289671449842329,0.5115617450692894,-0.1676327474264779,1.1567142428739428,0
50619,The Twilight Saga: Breaking Dawn - Part 1,2011,4,712205856,16.4237,6.2,9330,20.38387755258767,9.141097469234024,2006-2015,568.0811460991457,0.9438283553694748,0.5066809935931658,-0.0235160810793929,-1.1156163946856534,0
330,The Lost World: Jurassic Park,1997,5,229086679,0.6877,6.568,9326,19.24961100518352,9.140668698726865,1996-2005,13560.948655683356,-0.323978423411136,0.5063115106415053,-0.3093156855706002,-0.5704940513858292,1
109439,The Hangover Part III,2013,19,362000072,11.2071,6.213,9309,19.707154971447483,9.138844370271112,2006-2015,830.6334103975066,0.187433416554673,0.5047394382825777,-0.1182607567777172,-1.096359355384301,0
74,War of the Worlds,2005,4,603873981,11.8573,6.555,9308,20.21887609505808,9.13873695311649,1996-2005,785.0009825162706,0.7594008353624375,0.5046468740630573,-0.1064517263481174,-0.5897510906871816,0
24021,The Twilight Saga: Eclipse,2010,6,698491347,10.8433,6.2,9304,20.364433350041985,9.13830716907635,2006-2015,858.0405798598399,0.9220949349033424,0.5042765177230668,-0.1248681472272534,-1.1156163946856534,0
106,Predator,1987,12,59743060,20.3567,7.573,9288,17.905563608140618,9.13658618338752,1986-1995,456.26233315697874,-1.8262641117911096,0.5027934985753967,0.0479156578926404,0.91822321768027,1
8373,Transformers: Revenge of the Fallen,2009,4,836303693,4.3147,6.2,9264,20.54450237541721,9.13399913871946,2006-2015,2147.073615608001,1.123363967778897,0.5005641733674551,-0.2434415647336906,-1.1156163946856534,0
76492,Hotel Transylvania,2012,20,358375603,15.2067,6.969,9249,19.69709216755181,9.132378830506472,2006-2015,608.218345717121,0.1761858918686338,0.4991679106788187,-0.0456194185645098,0.0235115455251223,0
524434,Eternals,2021,12,402064899,12.719,6.8,9242,19.81212407633888,9.131621787264775,2016-2026,726.6288807069104,0.3047608146414882,0.4985155463794899,-0.0908014010310055,-0.226829965392461,0
353081,Mission: Impossible - Fallout,2018,8,791115104,9.6827,7.5,9218,20.48895403347639,9.129021850798594,2016-2026,952.0062048744618,1.0612757711166865,0.4962751119661749,-0.1459471394090337,0.8100875354495977,0
464052,Wonder Woman 1984,2020,13,169601036,10.5298,6.4,9132,18.948959395690174,9.11964950669168,2016-2026,867.2521156602066,-0.6600265502286699,0.4881987137373402,-0.1305619814931402,-0.8193542515879222,1
217,Indiana Jones and the Kingdom of the Crystal Skull,2008,2,786636033,10.1258,6.028,9105,20.48327622672714,9.116688815894728,2006-2015,899.1873242733175,1.0549295010077948,0.4856474077208456,-0.1378994904035652,-1.370401837749703,0
254128,San Andreas,2015,16,474590832,12.9247,6.248,9092,19.977963586566585,9.115260165725912,2006-2015,703.4587236386735,0.4901250535300623,0.4844163018671314,-0.08706544661795,-1.0445134803421978,0
114,Pretty Woman,1990,4,178788812,10.2472,7.446,9057,19.00171585163219,9.11140362411616,1986-1995,883.8503358475137,-0.6010589357638015,0.4810930173748922,-0.135694605300284,0.7300967568132098,0
87101,Terminator Genisys,2015,17,440603537,14.8574,5.958,9049,19.903656022259423,9.110520036693972,2006-2015,609.0563563905149,0.4070690611278382,0.4803316065890558,-0.0519634578279045,-1.474093587833908,0
315162,Puss in Boots: The Last Wish,2022,10,480466413,22.3767,8.212,9029,19.990267885908747,9.108307646411031,2016-2026,403.49988894703466,0.5038779709107603,0.4784251310308817,0.0846032024447654,1.8647807648775196,0
38356,Transformers: Dark of the Moon,2011,2,1123794079,2.6222,6.237,9027,20.839976368787244,9.108086137937429,2006-2015,3442.5160456256367,1.4536249038923827,0.4782342512868729,-0.2741810049091716,-1.0608078982125733,0
137,Groundhog Day,1993,13,70907316,11.7592,7.634,8988,18.076884187869958,9.103756886573398,1986-1995,764.337060057606,-1.6347735024431067,0.4745036202249142,-0.1082334333384954,1.008583171325078,1
533535,Deadpool & Wolverine,2024,2,1338073645,47.5224,7.581,8976,21.014496838991214,9.10242102975669,2016-2026,188.87930978247945,1.6486921353706776,0.473352476871088,0.5413031970211858,0.9300737034041792,0
435,The Day After Tomorrow,2004,6,552639571,8.5665,6.56,8967,20.130216578457897,9.101417964751995,1996-2005,1046.750660420638,0.6603031969754388,0.4724881090742058,-0.1662197320966981,-0.5823445371097384,0
8355,Ice Age: Dawn of the Dinosaurs,2009,3,886686817,12.5124,6.773,8951,20.603002397881323,9.09963224999176,2006-2015,715.3697808815408,1.1887513541992722,0.4709493111638596,-0.0945537013797526,-0.2668253547106549,0
51497,Fast Five,2011,7,626137675,1.3588,7.244,8947,20.25508083459584,9.09918532261002,2006-2015,6584.437853710231,0.7998680556247287,0.4705641819503861,-0.2971270661899413,0.4308719922845016,0
91314,Transformers: Age of Extinction,2014,1,1104054072,12.8073,6.0,8836,20.82225476276854,9.086702731518004,2006-2015,689.9184918612887,1.4338168858451168,0.4598076011594126,-0.0891976831181577,-1.411878537783385,0
569094,Spider-Man: Across the Spider-Verse,2023,6,690542303,38.6127,8.34,8828,20.35298779468641,9.085797036901582,2016-2026,228.62938136173292,0.9093018637333288,0.4590271400162346,0.379483882320162,2.054388536460068,0
38700,Bad Boys for Life,2020,3,426505244,8.1137,7.113,8803,19.87113522259296,9.082961442646353,2016-2026,1084.9537387951998,0.3707195008213408,0.4565836330174112,-0.17444355396462,0.2368202885554888,0
594,The Terminal,2004,20,218685607,7.2169,7.356,8796,19.20314567644001,9.082166033252674,1996-2005,1218.8041696515545,-0.3759142394625808,0.4558982075843478,-0.190731370773702,0.5967787924192312,0
616037,Thor: Love and Thunder,2022,8,760928081,17.6675,6.368,8678,20.450049406760908,9.068661593644244,2016-2026,491.1841000797509,1.017790798745159,0.4442610727447877,-0.0009259979536835,-0.8667561944835591,0
95,Armageddon,1998,1,553709788,11.2808,6.833,8673,20.13215126088561,9.068085324395312,1996-2005,768.8277703462784,0.6624656547348213,0.4437644862037557,-0.1169222062660878,-0.1779467117813348,0
268,Batman,1989,1,401188924,9.5403,7.2,8658,19.809943008985098,9.0663545214478,1986-1995,907.5176802430948,0.3023229644003526,0.4422730072631319,-0.1485334296784509,0.3656943208030014,0
10764,Quantum of Solace,2008,7,589580939,8.4453,6.338,8625,20.19492257131552,9.062536177207788,2006-2015,1021.2768980653168,0.7326271992660472,0.4389826384604784,-0.1684209847698256,-0.9111955159482192,0
35,The Simpsons Movie,2007,8,536414270,10.8518,7.023,8609,20.100417314163305,9.060679597421776,2006-2015,793.3238786893614,0.6269955856720597,0.437382774272354,-0.1247137689457222,0.1035023241615088,0
254,King Kong,2005,5,556906378,10.4927,6.895,8579,20.13790770297445,9.057189192482008,1996-2005,817.6152776546766,0.6688998181319469,0.4343749994881714,-0.131235797286647,-0.0861054474210391,0
137106,The Lego Movie,2014,17,468060692,12.5752,7.431,8568,19.96410853137087,9.055906318669118,2006-2015,681.3405104169234,0.474638805665565,0.4332695129981266,-0.0934131183114983,0.7078770960808805,0
328111,The Secret Life of Pets,2016,6,875697467,4.207,6.3,8562,20.59053123308711,9.055205875026193,2016-2026,2035.1746252088776,1.1748119258509897,0.4326659220786525,-0.245397628371445,-0.9674853231367884,0
49013,Cars 2,2011,10,559852396,18.7543,6.2,8562,20.14318373016529,9.055205875026193,2006-2015,456.5350578080452,0.6747970061014623,0.4326659220786525,0.0188126275013904,-1.1156163946856534,0
278927,The Jungle Book,2016,5,966550600,11.0195,6.876,8550,20.689244210130965,9.053803514155955,2016-2026,775.896568903699,1.2851466454424545,0.4314574704128396,-0.1216679762618651,-0.1142503510153224,0
4011,Beetlejuice,1988,10,73720082,7.796,7.371,8515,18.115785816646977,9.049702026013373,1986-1995,1092.2253819582068,-1.5912918809653442,0.4279231089774846,-0.1802136692637339,0.6189984531515618,1
447365,Guardians of the Galaxy Vol. 3,2023,4,845555777,23.133,7.9,8514,20.555504694558653,9.049584593096789,2016-2026,368.0454899729867,1.1356616193509657,0.4278219139094557,0.0983392370708902,1.40261182164506,0
335797,Sing,2016,13,634151679,11.245,7.125,8488,20.267798726689687,9.046526486737967,2016-2026,754.8236951323299,0.814083259136887,0.4251866623119654,-0.1175724112635957,0.254596017141352,0
1979,Fantastic Four: Rise of the Silver Surfer,2007,17,301913131,7.5891,5.632,8467,19.525649891578038,9.044049632254756,2006-2015,1115.677595923633,-0.0154407413478361,0.4230522909174571,-0.1839714182577114,-1.95700088108321,1
10144,The Little Mermaid,1989,13,84358283,12.877,7.351,8464,18.250583571973934,9.043695294567236,1986-1995,657.2954435851179,-1.4406240257252885,0.4227469487064528,-0.0879317812096017,0.589372238841788,1
2503,The Bourne Ultimatum,2007,11,442824138,7.9509,7.4,8441,19.90868327176637,9.040974526342444,2006-2015,1061.6394852916208,0.4126881821520117,0.4204023903525218,-0.177400352109712,0.6619564639007327,0
2105,American Pie,1999,12,235483004,15.5097,6.615,8403,19.277149303211587,9.036463061964891,1996-2005,541.7896272722056,-0.2931979679741236,0.4165147414897968,-0.040116286881691,-0.5008724477578615,1
8871,How the Grinch Stole Christmas,2000,6,346328278,8.5163,6.781,8346,19.66289766644867,9.029657471850737,1996-2005,980.0019022323048,0.1379655807832084,0.4106501834542478,-0.1671314720652707,-0.2549748689867456,0
561,Constantine,2005,15,230884728,13.5875,7.186,8305,19.257429135281804,9.024733424190698,1996-2005,611.2231012157489,-0.3152398439664013,0.4064070006019566,-0.0750275730886686,0.3449559707861599,0
58595,Snow White and the Huntsman,2012,18,396592829,9.0619,5.986,8279,19.798420695217864,9.021598247379304,2006-2015,913.6043063769118,0.289444097845778,0.4037053353453498,-0.1572222026060433,-1.432616887800226,1
345940,The Meg,2018,16,529243742,15.5424,6.252,8260,20.08695964551919,9.019300924562506,2016-2026,531.4491124606801,0.6119535097397009,0.4017256711634753,-0.0395223845515651,-1.038588237480244,0
2502,The Bourne Supremacy,2004,14,290633422,8.8598,7.333,8236,19.487573316251503,9.016391478941248,1996-2005,929.591040891396,-0.0580001736278417,0.3992185244780391,-0.1608927732763326,0.5627086459629925,0
584,2 Fast 2 Furious,2003,17,236350661,1.7296,6.522,8235,19.28082711613042,9.01627006814768,1996-2005,4761.188938546839,-0.2890871563132702,0.3991139015675965,-0.2903925406850264,-0.6386343442983065,1
693134,Dune: Part Two,2024,7,714844358,30.7358,8.129,8219,20.387575397242333,9.014325488050224,2016-2026,267.4079518320812,0.9479615571559412,0.3974382051702222,0.2364224369327199,1.741831975491961,0
57800,Ice Age: Continental Drift,2012,5,877244782,17.906,6.392,8175,20.59229662541647,9.008958312443486,2006-2015,456.5506218303241,1.1767851625363994,0.3928131671786983,0.0034056750045747,-0.8312047373118314,0
404368,Ralph Breaks the Internet,2018,15,529323962,10.3076,7.2,8173,20.087111208805503,9.008713664124222,2016-2026,792.9093165146916,0.6121229169766867,0.3926023472141464,-0.1345976113938739,0.3656943208030014,0
603692,John Wick: Chapter 4,2023,16,447142521,18.5606,7.7,8088,19.918387942922116,8.998260393017953,2016-2026,435.7615401648976,0.4235354101737139,0.3835944854364379,0.0152946188975555,1.1063496785473288,0
4232,Scream,1996,13,103208041,12.5529,7.432,8076,18.452257334332224,8.996775795442296,1996-2005,643.3567993397547,-1.2152066724539794,0.3823151682140031,-0.0938181342736332,0.7093584067963696,1
10192,Shrek Forever After,2010,5,752600867,10.7987,6.407,8030,20.43904558945805,8.991064332188461,2006-2015,743.6073382839247,1.0054914726291306,0.3773934483986479,-0.1256781791515231,-0.808985076579502,0
20526,Tron: Legacy,2010,14,400062763,11.5106,6.544,8017,19.80713200276317,8.989444293202451,2006-2015,696.4878490366714,0.2991810109049311,0.3759974177100605,-0.1127485440195143,-0.606045508557557,0
11970,Hercules,1997,20,99112101,11.4585,7.5,7996,18.411762110915934,8.98682175033189,1996-2005,697.8219681267459,-1.2604695067259617,0.3737375027567438,-0.1136947920745468,0.8100875354495977,1
49444,Kung Fu Panda 2,2011,6,665692281,12.6967,7.075,7993,20.3163380826927,8.986446539271268,2006-2015,629.5331625279305,0.8683372832188798,0.3734141734048897,-0.0912064169931403,0.1805304813669196,0
163,Ocean's Twelve,2004,10,362744280,8.2506,6.566,7987,19.70920868392545,8.985695694535705,1996-2005,968.0496351178882,0.1897289180901727,0.3727671505231797,-0.1719571555244289,-0.5734566728168062,0
4247,Scary Movie,2000,11,278019771,20.8966,6.423,7967,19.443202791428,8.983188799264434,1996-2005,381.258012663298,-0.1075945588964843,0.3706068921824911,0.0577214030924881,-0.7852841051316836,1
331,Jurassic Park III,2001,8,368780809,0.5846,6.179,7940,19.72571301467036,8.97979449089521,1996-2005,13581.704042010912,0.2081763477931104,0.367681926369393,-0.3111882033148201,-1.146723919710915,1
13804,Fast & Furious,2009,17,360364265,1.1629,6.691,7886,19.70262592783928,8.97297111339799,2006-2015,6781.26424228874,0.1823711565409122,0.3618020404726982,-0.3006850315254666,-0.3882928333807243,0
65,8 Mile,2002,18,242875078,8.6504,7.147,7885,19.308057790932025,8.972844314437573,1996-2005,911.5174887664284,-0.2586505414071417,0.3616927744355517,-0.1646959276472311,0.2871848528821028,0
384018,Fast & Furious Presents: Hobbs & Shaw,2019,11,760732926,12.5017,6.829,7835,20.44979290416287,8.966483779064431,2016-2026,626.7142654884813,1.017504097410881,0.3562117319091482,-0.0947480363929742,-0.1838719546432901,0
1734,The Mummy Returns,2001,7,433013274,14.0615,6.41,7770,19.886278943695427,8.958154135209242,1996-2005,552.5722344186364,0.3876461326730969,0.3490338562238921,-0.0664187136244571,-0.8045411444330359,0
956,Mission: Impossible III,2006,8,398479497,8.042,6.8,7697,19.80316660694132,8.948715833843691,2006-2015,957.0990336992868,0.2947487584374699,0.3409006208707744,-0.1757457801747127,-0.226829965392461,0
324852,Despicable Me 3,2017,4,1034799409,10.0808,6.47,7687,20.7574734381175,8.947415950650129,2016-2026,762.5379309797527,1.3614086827477612,0.3397804769449413,-0.1387167871881422,-0.7156625015037172,0
718930,Bullet Train,2022,19,239268602,13.3012,7.411,7679,19.29309734076043,8.946374826141717,2016-2026,577.3158983280468,-0.2753723253516356,0.3388833122612922,-0.0802273968536554,0.6782508817711067,0
8909,Wanted,2008,15,342463063,7.2762,6.53,7668,19.651674367515383,8.94494150776486,2006-2015,1053.845339812897,0.1254209328779449,0.33764818368853,-0.1896543552331371,-0.6267838585743972,0
955,Mission: Impossible II,2000,1,546388108,8.5591,6.1,7657,20.118840103538957,8.943506132037239,1996-2005,894.6023593574565,0.6475873392664439,0.3364112822418883,-0.166354132012384,-1.2637474662345196,0
9339,Click,2006,17,240685326,6.8601,6.31,7630,19.29900094119431,8.939974177289633,2006-2015,1112.2270634144352,-0.2687736782643024,0.3333677028830335,-0.1972116261678595,-0.9526722159819022,1
616,The Last Samurai,2003,6,454627263,11.0055,7.61,7629,19.93498844118754,8.939843124278502,1996-2005,693.1982252526235,0.4420903294563184,0.333254771017226,-0.1219222463726224,0.97303171415335,0
49519,The Croods,2013,11,587204668,10.5523,6.941,7605,20.190883986527247,8.936692688488204,2006-2015,720.6952790431668,0.7281131410995911,0.3305399566925954,-0.1301533331008516,-0.0179651545085606,0
505642,Black Panther: Wakanda Forever,2022,6,859208836,19.9773,7.0,7570,20.57152256681496,8.932080438103307,2016-2026,378.9298959669745,1.1535653185076251,0.3265654578463527,0.0410249378911175,0.0694321777052702,0
38055,Megamind,2010,17,321885765,9.14,7.034,7554,19.589707276589905,8.92996487470684,2006-2015,826.4761198291906,0.0561582907622666,0.3247424205919257,-0.1558037386310329,0.1197967420318841,0
295693,The Boss Baby,2017,18,527965936,3.5599,6.5,7510,20.08454232633189,8.924123891686012,2016-2026,2109.603894480478,0.6092515931054217,0.3197090901480223,-0.2571503561336629,-0.6712231800390572,0
10527,Madagascar: Escape 2 Africa,2008,6,603900354,11.1085,6.528,7493,20.218919767123623,8.921857979353632,2006-2015,674.5279069830248,0.7594496490569498,0.3177564932161165,-0.1200515448434794,-0.6297464800053755,0
520763,A Quiet Place Part II,2021,15,297372261,10.9501,7.431,7493,19.51049531931508,8.921857979353632,2016-2026,684.285363343382,-0.0323795018961962,0.3177564932161165,-0.1229284295251906,0.7078770960808805,0
150689,Cinderella,2015,12,542351353,16.345,6.8,7450,20.11142460399021,8.916103530553727,2006-2015,455.7966009197914,0.6392987931416729,0.3127977316122625,-0.0249454423448643,-0.226829965392461,0
508,Love Actually,2003,16,245062641,6.9169,7.099,7448,19.31702441746068,8.915835074176277,1996-2005,1076.7813951605558,-0.2486282499785235,0.312566395610658,-0.1961800160042156,0.2160819385386473,0
2668,Sleepy Hollow,1999,18,206071502,8.9553,7.194,7442,19.14373376846966,8.915029272359911,1996-2005,831.015341735797,-0.4423208701063933,0.3118720147505178,-0.1591582878779524,0.3568064565100691,0
447404,Pokémon: Detective Pikachu,2019,18,433305346,9.862,6.904,7405,19.88695322681401,8.910045761473558,2016-2026,750.8611327711086,0.3883998009449113,0.3075775908543416,-0.1426906657762635,-0.0727736509816407,0
37135,Tarzan,1999,5,448191819,9.5435,7.409,7397,19.92073186838365,8.908964972392399,1996-2005,775.0817047396608,0.4261552922427879,0.3066462461532459,-0.1484753107959921,0.6752882603401298,0
13448,Angels & Demons,2009,9,485930816,8.8859,6.723,7390,20.00157681987993,8.908018322784887,2006-2015,831.6537079488764,0.5165183358957457,0.3058304930048106,-0.1604187411412779,-0.3408908904850873,0
18360,Night at the Museum: Battle of the Smithsonian,2009,12,413106170,7.9814,6.157,7346,19.839215190527025,8.902047345620277,2006-2015,920.3887533656334,0.3350414380902308,0.3006851431492615,-0.1768464065112764,-1.1793127554516658,1
68735,Warcraft,2016,18,439048914,9.061,6.41,7342,19.900121388522493,8.90150275745161,2016-2026,810.2849461594237,0.4031182855165485,0.3002158570378367,-0.1572385485417348,-0.8045411444330359,0
296,Terminator 3: Rise of the Machines,2003,7,433371112,9.5166,6.2,7341,19.887104992791656,8.90136656405678,1996-2005,771.3881308575218,0.3885694347366215,0.3000984955666574,-0.1489638726516615,-1.1156163946856534,0
1933,The Others,2001,18,209947037,9.4898,7.616,7270,19.162365856873976,8.891649112650057,1996-2005,766.084884734257,-0.4214951761494543,0.2917247091974463,-0.149450618292254,0.9819195784462812,0
98566,Teenage Mutant Ninja Turtles,2014,16,485004754,11.679,5.933,7241,19.99966925297741,8.887652690325586,2006-2015,620.0011816070026,0.5143861860447888,0.2882808857723949,-0.1096900378301193,-1.5111263557211247,1
46195,Rio,2011,13,483866518,9.5341,6.767,7235,19.997319639454545,8.886823846515187,2006-2015,758.8542611738275,0.5117599462437274,0.2875666490130602,-0.1486460350132148,-0.2757132190035858,0
370172,No Time to Die,2021,4,774153007,13.7397,7.337,7218,20.467280096771468,8.88447171813916,2016-2026,525.3385988496119,1.03705010393092,0.2855397574229279,-0.0722632937417214,0.5686338888249465,0
166428,How to Train Your Dragon: The Hidden World,2019,14,521799505,12.5828,7.754,7191,20.072793983943573,8.880724576151456,2016-2026,571.493966768949,0.5961200869762585,0.2823107454951267,-0.0932750859656587,1.1863404571837153,0
82675,Taken 2,2012,19,376141306,8.2254,6.368,7171,19.745475447242203,8.877939834725023,2006-2015,871.8106453052188,0.2302654643566905,0.2799110597316029,-0.172414841723792,-0.8667561944835591,0
380,Rain Man,1988,2,172835580,7.618,7.752,7169,18.967851301702787,8.877660933593667,1986-1995,941.0594105284714,-0.6389104496421844,0.2796707232077186,-0.1834465321005053,1.1833778357527382,0
364,Batman Returns,1992,2,266831698,8.9267,6.9,7159,19.40212867679225,8.87626525995469,1986-1995,801.975195788818,-0.1535044387979839,0.2784680341069693,-0.159677725389928,-0.0786988938435947,0
507086,Jurassic World: Dominion,2022,3,1001978080,21.7579,6.6,7151,20.725241964120315,8.87514731685335,2016-2026,328.66208197386607,1.3253825111946622,0.2775046727983572,0.0733644635492927,-0.5230921084901923,0
11544,Lilo & Stitch,2002,16,273144151,12.2408,7.6,7148,19.425510243094845,8.874727765766853,1996-2005,583.948284468103,-0.1273700982192404,0.2771431344667247,-0.0994865415284442,0.9582186069984626,0
534,Terminator Salvation,2009,16,371353001,9.1039,6.095,7113,19.73266365606468,8.8698199525084,2006-2015,781.3126447866906,0.215945306770837,0.2729139412301288,-0.1564593922737714,-1.2711540198119629,1
436270,Black Adam,2022,15,393452111,19.5962,6.79,7112,19.79046992083021,8.869679374733515,2016-2026,362.9273211503653,0.2805572575450663,0.2727928016220276,0.0341033422332884,-0.2416430725473472,0
676,Pearl Harbor,2001,6,449220945,10.2018,6.936,7075,19.923025409305108,8.864464055279676,1996-2005,693.5043879468448,0.4287188578652497,0.2682986221169539,-0.1365191669451684,-0.0253717080860037,0
11631,Mamma Mia!,2008,5,610002542,9.9347,6.964,7062,20.2289736839754,8.862625169408922,2006-2015,710.8410814205952,0.7706872404036637,0.2667140052462792,-0.1413702774154023,0.0161049919476792,0
335787,Uncharted,2022,13,407141258,11.7831,6.9,6987,19.824670756900797,8.851949671253948,2016-2026,592.9673914611678,0.3187846494305809,0.2575146445092836,-0.1077993579351311,-0.0786988938435947,0
298,Ocean's Thirteen,2007,16,311312624,6.7243,6.726,6961,19.55630819032349,8.848222068371385,2006-2015,1035.1991505448143,0.0188270408276415,0.2543024699481383,-0.1996780462422053,-0.3364469583386212,0
2059,National Treasure,2004,12,347512318,8.1186,6.654,6943,19.666310672700483,8.845633256340186,1996-2005,855.1956554139193,0.1417804093805695,0.2520716217563677,-0.1743545594258549,-0.4431013298538044,0
5255,The Polar Express,2004,15,286000505,7.6197,6.722,6938,19.47150413801333,8.844912950899548,1996-2005,910.5333405077096,-0.0759612191567059,0.2514509153974652,-0.183415656444199,-0.3423722012005752,0
242,The Godfather Part III,1990,17,66778456,12.1457,7.421,6937,18.016891086492567,8.844768827529695,1986-1995,571.1481667189486,-1.70182975194671,0.2513267204558646,-0.101213762066517,0.6930639889259943,1
1637,Speed,1994,8,121255510,8.0709,7.157,6916,18.61341053829537,8.841737428600585,1986-1995,856.9046117476221,-1.0350804711882624,0.2487144833609958,-0.1752208940175066,0.3019979600369891,1
68728,Oz the Great and Powerful,2013,13,493311825,7.1072,5.938,6854,20.01665203915805,8.832733591996416,2006-2015,964.3727988901412,0.533368401020337,0.2409556378498735,-0.1927237587129931,-1.5037198021436815,1
2454,The Chronicles of Narnia: Prince Caspian,2008,10,419665568,8.2574,6.635,6840,19.85496868776918,8.830689198760998,2006-2015,828.34690296352,0.3526496366559155,0.2391939298164068,-0.1718336528992039,-0.4712462334480891,0
1022789,Inside Out 2,2024,1,1698863816,25.0135,7.5,6806,21.2532255216267,8.825706773447951,2016-2026,272.0929609638951,1.9155269836938489,0.2349004413876255,0.1324931615908264,0.8100875354495977,0
8467,Dumb and Dumber,1994,6,127176610,8.9574,6.66,6802,18.661087316176907,8.825118970345061,1986-1995,759.3712914782287,-0.981790578854786,0.2343939158178286,-0.1591201473613388,-0.4342134655608722,1
335988,Transformers: The Last Knight,2017,16,605425157,9.1269,6.1,6794,20.221441509684503,8.823942326585245,2016-2026,744.3921327152345,0.7622682831075931,0.2333799705903228,-0.1560416628060986,-1.2637474662345196,0
509,Notting Hill,1999,6,363889678,7.3624,7.267,6782,19.71236129999276,8.82217476094608,1996-2005,921.1657595814414,0.1932527000708516,0.2318568122603839,-0.1880887778369029,0.4649421387407416,0
10555,Shark Tale,2004,9,374583879,8.3471,6.044,6761,19.74132631448026,8.819073983267831,1996-2005,809.9809395108008,0.2256278431082378,0.2291847896518517,-0.1702045079752804,-1.3467008663018845,1
565,The Ring,2002,17,249348933,9.3404,6.707,6751,19.334363814831967,8.817594036275793,1996-2005,722.7734114455361,-0.2292474390239879,0.2279094799610296,-0.1521640436170498,-0.3645918619329059,1
18823,Clash of the Titans,2010,11,493214993,8.5424,5.9,6742,20.0164557302522,8.816260208734581,2006-2015,789.2386340622845,0.5331489801424665,0.2267600852878802,-0.166657439930216,-1.5600096093322495,1
7131,Van Helsing,2004,13,300157638,10.2004,6.423,6740,19.519818357946296,8.815963560853438,1996-2005,660.7577538549921,-0.0219588370158475,0.2265044559176266,-0.1365445939562441,-0.7852841051316836,1
1572,Die Hard with a Vengeance,1995,10,100012499,11.1672,7.285,6737,18.420805736140515,8.815518423966498,1986-1995,603.284079013469,-1.2503611513392006,0.2261208696211504,-0.1189854265933756,0.491605731619537,1
644,A.I. Artificial Intelligence,2001,17,235926552,8.8768,7.1,6729,19.279031098450407,8.814330422638774,1996-2005,758.0425851178521,-0.2910946239536968,0.2250971372752574,-0.1605840167132702,0.2175632492541351,0
424783,Bumblebee,2018,19,467989645,9.6314,6.72,6699,19.96395672970556,8.809862805379057,2016-2026,695.5367905633756,0.4744691319845844,0.2212472726403396,-0.1468788577434516,-0.3453348226315535,0
788,Mrs. Doubtfire,1993,2,219198012,7.502,7.2,6682,19.205486048216027,8.80732226751107,1986-1995,890.694627173251,-0.3732983294639185,0.219058023579141,-0.1855533415896372,0.3656943208030014,0
140300,Kung Fu Panda 3,2016,16,521170825,11.453,6.929,6662,20.071588426974493,8.804325112562537,2016-2026,581.6811475760521,0.5947725965639714,0.2164752954332532,-0.113794683903773,-0.0357408830944238,0
80321,Madagascar 3: Europe's Most Wanted,2012,8,746921274,13.6336,6.645,6630,20.431470349323817,8.799510901368867,2006-2015,486.29819981648296,0.9970243792329166,0.2123267615857701,-0.0741902979382463,-0.4564331262932029,0
508439,Onward,2020,16,141914643,7.5132,7.638,6630,18.7707363362418,8.799510901368867,2016-2026,882.445718940373,-0.8592322866764043,0.2123267615857701,-0.1853499255010313,1.0145084141870315,0
38575,The Karate Kid,2010,15,359126022,9.9043,6.568,6624,19.699183923849997,8.798605650854423,2006-2015,668.7997447575854,0.1785239162249592,0.2115466831370803,-0.141922406798761,-0.5704940513858292,0
423108,The Conjuring: The Devil Made Me Do It,2021,20,206431050,14.5585,7.346,6610,19.145477021148057,8.796490207333578,2016-2026,454.0299797163309,-0.4403723796322106,0.2097237491826658,-0.0573921246925729,0.5819656852643449,0
235,Stand by Me,1986,12,52319452,9.4912,7.835,6602,17.772878810165597,8.79527937019457,1986-1995,695.5909731214462,-1.974570245564381,0.2086803386107394,-0.1494251912811783,1.306326625138297,1
1995,Lara Croft: Tomb Raider,2001,16,274703340,6.9907,5.917,6575,19.43120231335048,8.791181936736017,1996-2005,940.5339371823464,-0.1210078853232473,0.2051494712044712,-0.1948396492775092,-1.5348273271689432,1
88,Dirty Dancing,1987,11,63579947,9.9894,7.323,6566,17.967808695579343,8.789812386190972,1986-1995,657.2960765450613,-1.756690743889879,0.203969293068658,-0.140376807768372,0.5478955388081063,1
13053,Bolt,2008,17,309979994,8.7019,6.549,6560,19.552018321103105,8.788898309344878,2006-2015,753.8574864598692,0.014032113841441,0.2031816087351982,-0.1637605768826596,-0.5986389549801125,1
861,Total Recall,1990,7,119438055,9.5126,7.324,6543,18.5983084351083,8.786303878282583,1986-1995,687.8238464522354,-1.0519605853362357,0.2009459184748611,-0.149036521254735,0.5493768495235941,1
420809,Maleficent: Mistress of Evil,2019,15,491730089,10.7675,7.295,6537,20.013440526360903,8.785386587284156,2016-2026,607.104149427305,0.5297787882404507,0.2001554644208372,-0.1262448382554965,0.5064188387744233,0
1573,Die Hard 2,1990,8,117546200,10.7289,6.973,6471,18.582342014265624,8.775240458738327,1986-1995,603.1367585337188,-1.0698067755668617,0.1914122755577003,-0.126945897275156,0.0294367883870763,1
2300,Space Jam,1996,18,90420742,5.6866,6.811,6465,18.319984257005554,8.774312958285378,1996-2005,1136.8811998712763,-1.363052612606855,0.1906130237451345,-0.2185249100945519,-0.2105355475220856,1
1597,Meet the Parents,2000,7,330444045,5.3158,6.698,6457,19.61594790186397,8.77307495131822,1996-2005,1214.678477974194,0.0854882949645808,0.1895462002095512,-0.2252594355994667,-0.3779236583723029,0
3049,Ace Ventura: Pet Detective,1994,17,72217892,8.0659,6.583,6455,18.09519839864416,8.772765209949785,1986-1995,800.2816793145474,-1.6143031106990409,0.1892792878330009,-0.1753117047713485,-0.5482743906534986,1
1571,Live Free or Die Hard,2007,12,388156011,8.0829,6.644,6411,19.77691790955341,8.765926513729443,2006-2015,793.154940485543,0.2654097317697891,0.1833862013851015,-0.175002948208286,-0.4579144370086907,0
385687,Fast X,2023,5,704875015,30.9227,7.0,6399,20.37353106279068,8.764053269347762,2016-2026,206.93529124711256,0.9322637456829516,0.1817719768715968,0.2398169429113298,0.0694321777052702,0
2675,Signs,2002,7,408247917,7.3821,6.726,6395,19.82738518998556,8.763428073953845,1996-2005,866.2834880542284,0.321818659975354,0.1812332293699569,-0.1877309834667658,-0.3364469583386212,0
570670,The Invisible Man,2020,15,144492724,7.3947,7.09,6346,18.7887397182286,8.75573753930647,2016-2026,858.181051048655,-0.839109318423417,0.174606091089894,-0.1875021403670842,0.2027501420992489,1
1538,Collateral,2004,19,220241843,7.6773,7.245,6344,19.21023679144792,8.755422380148488,1996-2005,826.3310977412663,-0.3679882685373908,0.1743345100599737,-0.1823695165599404,0.4323533029999908,0
687163,Project Hail Mary,2026,5,683979467,196.7182,8.658,6335,20.34343845759243,8.754002933494261,2016-2026,32.203424380488215,0.8986282576675281,0.1731113351196016,3.2510198106300607,2.525445343985459,0
1927,Hulk,2003,15,245285165,9.2891,5.587,6330,19.31793203450982,8.753213480544126,1996-2005,681.4431091891473,-0.2476137767490388,0.1724310425123853,-0.1530957619514676,-2.023659863280199,1
1624,Liar Liar,1997,6,181410871,6.9423,6.714,6290,19.0162750276972,8.74687531957003,1996-2005,906.0384799872088,-0.5847856689986675,0.1669692806008171,-0.1957186973746988,-0.3542226869244844,1
8488,Hitch,2005,10,371594603,5.0932,6.585,6288,19.73331404380821,8.746557354543503,1996-2005,1234.5848688744427,0.2166722664012512,0.1666952816793328,-0.2293023303605078,-0.5453117692225216,0
324668,Jason Bourne,2016,19,415484914,7.2609,6.382,6265,19.844956865944877,8.742893471512136,2016-2026,862.8395063428688,0.3414590962967303,0.1635380162089627,-0.1899322361398933,-0.8460178444667189,0
856,Who Framed Roger Rabbit,1988,1,238094330,10.8917,7.539,6234,19.28817750184983,8.737933858114136,1986-1995,572.3619156220649,-0.2808713900429471,0.1592641854141925,-0.1239890991300639,0.8678586533536548,0
117,The Untouchables,1987,6,76270454,7.3528,7.758,6228,18.149796199770982,8.736971085254146,1986-1995,847.0231108922983,-1.5532773645606948,0.1584345384302046,-0.1882631344842793,1.192265700045671,1
451048,Jungle Cruise,2021,19,220889446,8.108,7.283,6225,19.21317289450134,8.736489351001554,2016-2026,767.7592898874076,-0.3647064902262472,0.1580194152102269,-0.1745470782239997,0.48864311018856,0
159824,Hotel Transylvania 2,2015,15,474800000,11.3329,6.8,6176,19.97840422280594,8.7285879956959,2006-2015,544.9615323866509,0.4906175670512515,0.1512106071609263,-0.1159759582110552,-0.226829965392461,0
10530,Pocahontas,1995,5,141580605,7.1831,6.915,6114,18.76837976656673,8.718500048121273,1986-1995,851.1633540346731,-0.8618663015960529,0.1425175543883346,-0.1913452514696732,-0.0564792331112653,1
4982,American Gangster,2007,19,269755430,6.8318,7.594,6109,19.413026295356747,8.71768205216564,2006-2015,894.1993410238282,-0.1413238144815462,0.1418126655140147,-0.1977256150346046,0.9493307427055316,0
251,Ghost,1990,2,217632241,9.4355,7.239,6094,19.198317232925717,8.715224041915372,1986-1995,645.8580405298708,-0.3813111485333741,0.1396945326963043,-0.150436823078977,0.4234654387070585,0
8961,Bad Boys II,2003,10,273339556,5.8614,6.657,6010,19.42622537880744,8.701346403039162,1996-2005,1025.3505555830425,-0.1265707676683676,0.1277358021202963,-0.2153501661402393,-0.4386573977073383,1
568,Apollo 13,1995,3,223845613,10.4455,7.464,5989,19.22646714898152,8.697846691109495,1986-1995,573.3563990652443,-0.3498470676439815,0.1247200072553446,-0.1320930508029145,0.7567603496920067,0
754,Face/Off,1997,15,112279672,9.5236,7.06,5980,18.536503397091764,8.696343057044556,1996-2005,627.9131547805927,-1.1210420956209957,0.1234242857837089,-0.1488367375962828,0.1583108206345889,1
10140,The Chronicles of Narnia: The Voyage of the Dawn Treader,2010,12,415686217,7.432,6.443,5949,19.845441249956647,8.691146498539675,2006-2015,800.4564041221688,0.34200050813248,0.1189462730874086,-0.1868246921434237,-0.755657890821911,0
675353,Sonic the Hedgehog 2,2022,14,405421518,12.4563,7.429,5929,19.82043787148118,8.68777949199177,2016-2026,475.9836580817272,0.3140534151002808,0.1160448339799918,-0.0955725980378586,0.7049144746499035,0
640146,Ant-Man and the Wasp: Quantumania,2023,15,476071180,12.7885,6.2,5924,19.98107794093168,8.686935966003333,2016-2026,463.22831979644224,0.4936060691560889,0.1153179451972834,-0.0895391315526032,-1.1156163946856534,0
17578,The Adventures of Tintin,2011,17,373993951,9.6941,6.927,5881,19.739750184125057,8.67965211911394,2006-2015,606.6570319503286,0.2238661507149087,0.1090412605764973,-0.1457400908902742,-0.0387035045254021,0
72559,G.I. Joe: Retaliation,2013,18,375740705,7.8883,5.663,5822,19.74440985176052,8.66957087183712,2006-2015,738.0541586220623,0.2290744134716818,0.1003539816287587,-0.1785373027478125,-1.911080248903061,1
5548,RoboCop,1987,16,53427454,10.2278,7.363,5813,17.793835310383248,8.668024081118821,1986-1995,568.3523647779925,-1.9511464805805163,0.0990210709209207,-0.1360469510251905,0.6071479674276525,1
10009,Brother Bear,2003,14,250397798,8.132,7.3,5807,19.338561407215483,8.666991556504632,1996-2005,714.091596050669,-0.2245556528732294,0.0981313169948873,-0.1741111866055586,0.5138253923518664,0
879,Hook,1991,6,119658630,8.6348,6.8,5799,18.60015350511193,8.66561319653451,1986-1995,671.5839723167041,-1.049898290311072,0.0969435475431471,-0.1649792571992178,-0.226829965392461,1
4523,Enchanted,2007,15,340487652,6.6524,6.846,5756,19.64588942151606,8.65817178467581,2006-2015,865.2503378474869,0.1189549097287945,0.0905310849969527,-0.2009839048824517,-0.1586896724799825,0
2109,Rush Hour,1998,14,244386864,12.0058,7.084,5755,19.31426303995494,8.657998068007258,1996-2005,479.3512474376989,-0.2517147318363856,0.0903813887226579,-0.1037546469590132,0.1938622778063166,0
1581,The Holiday,2006,19,205169597,7.447,7.102,5678,19.13934750238969,8.644530439877432,2006-2015,762.4536558967962,-0.4472235430120266,0.0787759753134251,-0.186552259881898,0.2205258706851134,1
414,Batman Forever,1995,4,184033483,7.8313,5.459,5643,19.03062827727809,8.638348312972704,1986-1995,720.5691001888573,-0.5687425729928515,0.0734486721100635,-0.1795725453416101,-2.213267634862748,1
82695,Les Misérables,2012,15,442299309,8.9043,7.303,5618,19.90749738281021,8.633908991112198,2006-2015,630.9304145969761,0.4113626753203481,0.0696231903733264,-0.1600845575671398,0.5182693244983325,0
6637,National Treasure: Book of Secrets,2007,9,459242249,6.501,6.381,5610,19.94508840657689,8.632484235750972,2006-2015,862.942835036402,0.4533793907579793,0.0683954407789171,-0.2037336545087843,-0.8474991551822068,0
634,Bridget Jones's Diary,2001,14,281929795,8.9009,6.743,5552,19.457168647554493,8.622093601241607,1996-2005,623.7564473744819,-0.0919844652115704,0.0594415546229453,-0.1601463088797522,-0.3112646761753135,1
2667,The Blair Witch Project,1999,11,248639099,7.3359,6.366,5523,19.331513005445885,8.616857514529183,1996-2005,752.8718318518085,-0.232433881816432,0.0549294794187232,-0.1885700748322649,-0.8697188159145375,1
9836,Happy Feet,2006,10,384335608,5.8607,6.231,5506,19.76702671062315,8.613775289262481,2006-2015,939.4766163144058,0.2543540155602678,0.0522734439167299,-0.2153628796457772,-1.0696957625055057,1
415,Batman & Robin,1997,4,238225195,6.9601,4.396,5462,19.288726985949783,8.605753368395717,1996-2005,784.7577121625952,-0.2802572137116864,0.0453607413162798,-0.1953954110910216,-3.787900925427187,1
7443,Chicken Run,2000,15,224834564,7.6647,6.849,5452,19.23087542306092,8.60392119492606,1996-2005,711.3119739690087,-0.3449197956783441,0.0437819087001857,-0.182598359659622,-0.1542457403335163,1
9377,Ferris Bueller's Day Off,1986,10,70760454,6.114,7.565,5438,18.07481085742173,8.60135049942296,1986-1995,889.4326309574241,-1.6370909316249205,0.0415666720025916,-0.2107624068561468,0.9063727319563608,1
976573,Elemental,2023,13,496444308,16.5176,7.585,5417,20.022981867988104,8.59748202264504,2016-2026,327.9530149943,0.5404434575118024,0.0382331026584588,-0.0218106551222421,0.9359989462661332,0
544,There's Something About Mary,1998,4,369884651,7.3015,6.634,5409,19.72870176364664,8.596004371840527,1996-2005,740.8056689643649,0.211516970172282,0.036959771653507,-0.1891948528186971,-0.4727275441635769,0
10545,The Hunchback of Notre Dame,1996,15,100138851,8.2745,7.1,5403,18.42206830084989,8.59489469908009,1996-2005,652.9691788395929,-1.2489499415130287,0.0360035371176486,-0.1715230801210646,0.2175632492541351,1
2770,American Pie 2,2001,13,287553595,6.4421,6.263,5375,19.476919821697035,8.589699882202986,1996-2005,834.3539616678387,-0.0699079325622581,0.0315270252283325,-0.2048034051890418,-1.0222938196098683,1
667538,Transformers: Rise of the Beasts,2023,17,441656550,17.5576,7.168,5335,19.90604310405797,8.58223158759546,2016-2026,303.85684611971675,0.4097371804447966,0.0250913971023727,-0.0029220183231283,0.3182923779073644,0
5559,Bee Movie,2007,18,293514754,9.0727,6.047,5335,19.497438468541205,8.58223158759546,2006-2015,588.0271715948157,-0.0469735705994738,0.0250913971023727,-0.1570260513777448,-1.3422569341554182,1
1700,Misery,1990,20,61277756,7.6662,7.754,5301,17.930927480246304,8.57583938684897,1986-1995,691.4759705252009,-1.7979140832503708,0.0195830676814312,-0.1825711164334694,1.1863404571837153,1
615,The Passion of the Christ,2004,5,609493825,15.4082,7.547,5254,20.228139377219858,8.566935283311052,1996-2005,340.98704521810123,0.7697547084845301,0.0119101648064765,-0.0419597451846815,0.879709139077564,0
9802,The Rock,1996,7,134069511,9.8683,7.152,5254,18.71386896968151,8.566935283311052,1996-2005,532.4113247354411,-0.9227948002509572,0.0119101648064765,-0.1425762442264227,0.2945914064595459,1
9740,Hannibal,2001,10,351692268,1.729,6.777,5242,19.678267115399933,8.564649132572534,1996-2005,3031.7927600187386,0.155144516026539,0.0099401279016432,-0.2904034379754875,-0.2609001118486996,0
693,Meet the Fockers,2004,7,522657936,5.6687,6.254,5214,20.07443776789867,8.559294367434873,1996-2005,919.7859830543456,0.5979573980085647,0.0053257843414531,-0.2188500125933059,-1.035625616049267,0
575264,Mission: Impossible - Dead Reckoning Part One,2023,10,571125435,14.1331,7.5,5213,20.16311942125298,8.559102594493448,2016-2026,368.850168151242,0.6970797793689016,0.0051605284965119,-0.0651183036294412,0.8100875354495977,0
792,Platoon,1986,3,138546562,14.7336,7.751,5174,18.74671702203666,8.55159461813357,1986-1995,351.1698762217814,-0.8860794589223198,-0.0013092944510158,-0.0542119320930298,1.1818965250372504,0
338953,Fantastic Beasts: The Secrets of Dumbledore,2022,12,407150844,14.4278,6.627,5151,19.824694301277447,8.54714026778419,2016-2026,357.01884069723684,0.3188109657496074,-0.0051477266363861,-0.059765917798,-0.4830967191719983,0
941,Lethal Weapon,1987,9,65207187,10.9958,7.301,5101,17.993080266219078,8.537387898701757,1986-1995,463.9039779697904,-1.7284438837133065,-0.0135516024955955,-0.1220984192350757,0.5153067030673555,1
2907,The Addams Family,1991,7,113503889,7.1259,7.1,5096,18.547347667426173,8.536407410340042,1986-1995,715.1367334136974,-1.1089211003643178,-0.0143965153986666,-0.1923841264936244,0.2175632492541351,1
1061474,Superman,2025,10,618723803,32.1029,7.3,5093,20.24316953398124,8.535818655539403,2016-2026,158.64605420505492,0.7865544057618825,-0.0149038610717289,0.2612519132481704,0.5138253923518664,0
1495,Kingdom of Heaven,2005,17,213924874,16.972,7.1,5071,19.18113545995129,8.531490496117062,1996-2005,298.7860601072,-0.4005157775496292,-0.0186335511784891,-0.0135577738130908,0.2175632492541351,1
20662,Robin Hood,2010,18,321669741,6.8411,6.401,5064,19.58903593121121,8.530109416682784,2006-2015,740.2307520270833,0.0554079060983126,-0.0198236640648325,-0.1975567070324587,-0.8178729408724343,1
686,Contact,1997,19,100920329,9.7966,7.447,5063,18.42984195164855,8.529911963824013,1996-2005,516.8114276264953,-1.240261078034712,-0.0199938144456406,-0.1438784704365154,0.731578067528699,1
15512,Monsters vs. Aliens,2009,14,381509870,12.6887,6.261,5030,19.75964728253492,8.523374050491318,2006-2015,396.4153960489285,0.2461057876854434,-0.0256277082781871,-0.0913517141992874,-1.0252564410408456,1
33,Unforgiven,1992,11,101157849,8.9219,7.914,5012,18.43219272608032,8.519789817263504,1986-1995,561.7631202287403,-1.2376335406478465,-0.0287163373940868,-0.1597649037136163,1.4233501716619004,1
8839,Casper,1995,8,100836847,6.0405,6.342,4970,18.429014402357943,8.511376306094673,1986-1995,822.7782091247263,-1.2411860569145088,-0.0359664837744459,-0.2120973249376227,-0.9052702730862652,1
7451,xXx,2002,14,277448382,17.9362,5.989,4966,19.44114546664207,8.51057131510735,1996-2005,276.8700857092998,-0.1098940980266165,-0.0366601659216311,0.0039541719577798,-1.42817295565376,1
9928,Robots,2005,14,262511490,8.4982,6.488,4964,19.38580541427594,8.510168576479273,1996-2005,584.1230094337513,-0.1717494826259605,-0.0370072165106172,-0.1674602069941783,-0.6889989086249204,1
17979,A Christmas Carol,2009,19,325286646,5.2623,6.909,4940,19.60021734233793,8.50532301884575,2006-2015,938.751232823608,0.0679057346336216,-0.041182762419162,-0.226231110665575,-0.0653670974041976,0
278154,Ice Age: Collision Course,2016,20,408579038,18.1069,6.12,4917,19.828195939472455,8.500657222776137,2016-2026,271.55378802899,0.322724861165665,-0.0452034030062832,0.007054451093942,-1.2341212519247458,1
2978,Ghostbusters II,1989,8,112496257,6.6195,6.604,4899,18.538430516833326,8.496990484098719,1986-1995,740.0849911851482,-1.1188880909230112,-0.0483631292628188,-0.2015814396427314,-0.517166865628237,1
7518,Over the Hedge,2006,11,339795890,8.536,6.601,4898,19.64385567472169,8.496786381638575,2006-2015,573.8043887015128,0.1166817244901718,-0.0485390097820144,-0.1667736776951336,-0.5216107977747031,1
2268,The Golden Compass,2007,13,372234864,6.1524,6.086,4873,19.73503557054199,8.491670234185152,2006-2015,792.0473440489175,0.218596473077298,-0.0529477301362744,-0.2100649802666411,-1.28448581625136,1
1735,The Mummy: Tomb of the Dragon Emperor,2008,12,403449830,10.3746,5.52,4858,19.815562703371604,8.488587934405903,2006-2015,468.2585658641627,0.3086042804227585,-0.0556038298477118,-0.1333807472923925,-2.1229076812179395,1
5503,The Fugitive,1993,3,183875799,7.4736,7.483,4845,19.029771087658197,8.48590890137647,1986-1995,648.2810850445769,-0.5697006818371058,-0.0579124238736111,-0.1860691466714591,0.78490525328629,0
1233413,Sinners,2025,20,370289632,30.2149,7.5,4837,19.729796049272657,8.484256691169973,2016-2026,160.08652681738917,0.2127400889689721,-0.059336177358673,0.2269617725974714,0.8100875354495977,0
438695,Sing 2,2021,10,408702234,13.0369,7.834,4828,19.8284974170784,8.482394685873542,2016-2026,370.3331540986323,0.323061832535699,-0.060940716853449,-0.0850276533017379,1.3048453144228078,0
9637,Scooby-Doo,2002,15,275650703,8.2182,6.1,4821,19.434645056960065,8.480944058741116,1996-2005,586.6240945412687,-0.117159818309523,-0.0621907608413114,-0.1725456092093244,-1.2637474662345196,1
4233,Scream 2,1997,17,101363940,6.9663,6.519,4802,18.434227974436773,8.476996001664824,1996-2005,689.3175870726396,-1.2353586770642178,-0.0655929066454518,-0.1952828057562577,-0.6430782764447726,1
9602,Coming to America,1988,3,128152333,7.3741,6.884,4792,18.668730223640104,8.474911799159631,1986-1995,649.8411333706712,-0.9732478514741636,-0.067388919385643,-0.1878762806729128,-0.1023998652914132,1
6477,Alvin and the Chipmunks,2007,14,365352546,10.9379,5.843,4781,19.71637332757449,8.47261414801827,2006-2015,437.1036148587801,0.1977370743798824,-0.0693688664935264,-0.1231500077645648,-1.644444320115103,1
9533,Red Dragon,2002,20,209196298,1.51,7.047,4767,19.158783598793963,8.469682208745185,1996-2005,3156.9327355447977,-0.4254991830449895,-0.0718953965570908,-0.2943809489937624,0.1390537813332365,1
1701,Con Air,1997,18,101145177,10.5936,6.786,4765,18.4320674486671,8.469262657658687,1996-2005,449.7994545768629,-1.237773567305659,-0.0722569348887233,-0.1294032362741176,-0.2475683154093025,1
823464,Godzilla X Kong: The New Empire,2024,8,572050016,18.7873,7.047,4756,20.16473698782891,8.467372496432281,2016-2026,253.14959938383944,0.6988877863799406,-0.0738857370973292,0.0194119784767469,0.1390537813332365,0
9522,Wedding Crashers,2005,13,288467645,6.185,6.503,4754,19.480093492043054,8.46695197497949,1996-2005,768.6325486943433,-0.0663606175263821,-0.0742481116194082,-0.209472894151592,-0.666779247892591,1
400155,Hotel Transylvania 3: Summer Vacation,2018,17,528583774,11.3414,6.849,4740,20.085711865376588,8.464003362902119,2016-2026,417.9374522215492,0.610558825106852,-0.0767890090819371,-0.115821579929524,-0.1542457403335163,0
581,Dances with Wolves,1990,3,184209401,8.6457,7.847,4738,19.03158372282814,8.463581421967588,1986-1995,548.0174560562407,-0.5676746402852542,-0.0771526068091917,-0.1647812897558425,1.3241023537241614,0
1903,Vanilla Sky,2001,20,203388341,5.675,6.828,4718,19.130627724301917,8.459352191726387,1996-2005,831.3641738076233,-0.4569699238732461,-0.0807970470089672,-0.2187355910434651,-0.1853532653587779,1
10137,Stuart Little,1999,9,300135367,6.3062,6.081,4694,19.519744157515003,8.454253391642363,1996-2005,744.345652935757,-0.0220417732621791,-0.0851908186735622,-0.2072716414784644,-1.291892369828803,1
9800,Philadelphia,1993,12,77446440,5.692,7.71,4678,18.165097171544076,8.450839690866216,1986-1995,821.853791542882,-1.536174968496692,-0.0881324954395595,-0.2184268344804026,1.121162785702215,1
5175,Rush Hour 2,2001,11,347325802,8.227,6.775,4663,19.66577381095219,8.447628728030327,1996-2005,566.7915804162144,0.1411803414641584,-0.0908994675294438,-0.1723857822825626,-0.2638627332796766,0
417859,Puss in Boots,2011,11,554987477,9.296,6.609,4649,20.134456109294018,8.444622498581403,2006-2015,500.10703516885206,0.6650418591048857,-0.0934900154137084,-0.1529704431111658,-0.5097603120507939,0
639,When Harry Met Sally...,1989,11,92827188,6.1434,7.405,4646,18.346250139758524,8.443977129084978,1986-1995,756.2575182187093,-1.3336943772951628,-0.0940461474761265,-0.2102284396235565,0.6693630174781757,1
36955,True Lies,1994,3,146285278,7.5221,7.098,4636,18.80106923891805,8.441822884391462,1986-1995,616.3164324903518,-0.8253282103188216,-0.0959025174331743,-0.1851882823591928,0.2146006278231582,1
1452,Superman Returns,2006,9,391081192,7.5618,5.822,4625,19.78442575112384,8.439447842791385,2006-2015,611.6260524927234,0.2738014915891903,-0.0979491539579812,-0.1844672449736882,-1.675551845140365,1
9273,Ace Ventura: When Nature Calls,1995,6,108385533,6.1886,6.344,4616,18.50120518788005,8.43750042250699,1986-1995,745.8863945215485,-1.1604960573197192,-0.0996272978199936,-0.2094075104088258,-0.9023076516552868,1
10719,Elf,2003,20,220443451,8.4448,6.668,4603,19.21115176644661,8.434680769841773,1996-2005,545.0685095342583,-0.3669655710873,-0.1020570675266441,-0.1684300658452097,-0.4223629798369629,1
4256,Scary Movie 3,2003,19,220673217,10.1551,6.0,4572,19.21219351361422,8.427924723658055,1996-2005,450.21668893788456,-0.3658011762421054,-0.1078789322394267,-0.1373673393860517,-1.411878537783385,1
558449,Gladiator II,2024,12,462180717,19.161,6.604,4568,19.95146653706329,8.427049641563272,2016-2026,238.4007941126277,0.4605084355888537,-0.1086330137583902,0.02619917421889,-0.517166865628237,0
37136,The Naked Gun: From the Files of Police Squad!,1988,8,78756319,7.3843,7.286,4566,18.181869086418093,8.426611813185,1986-1995,618.3380708556385,-1.5174284512701397,-0.1090103021185353,-0.1876910267350754,0.4930870423350248,1
4327,Charlie's Angels,2000,12,264105545,11.4554,5.9,4554,19.391859376668226,8.423980809694058,1996-2005,397.54142365921433,-0.1649827710650943,-0.1112775078134931,-0.1137510947419288,-1.5600096093322495,1
270946,Penguins of Madagascar,2014,19,373515621,14.4282,6.538,4520,19.73847038763301,8.416488487294606,2006-2015,313.2751741206983,0.2224356803622529,-0.1177338413269148,-0.0597586529376926,-0.6149333728504879,1
360920,The Grinch,2018,18,512715682,11.3435,6.865,4468,20.05523202532452,8.404919948933452,2016-2026,393.8816115999369,0.5764905120435782,-0.1277027585651643,-0.1157834394129104,-0.1305447688856978,0
869,Planet of the Apes,2001,9,362211740,7.715,5.775,4466,19.707739518680587,8.404472321352118,1996-2005,578.8715763168162,0.1880867840954347,-0.1280884911592542,-0.1816848034759725,-1.7451734487683317,1
787699,Wonka,2023,8,634502312,8.2694,7.038,4450,20.268351490502145,8.400884069015854,2016-2026,538.1278712749762,0.8147011013099654,-0.1311805836478172,-0.1716157070899834,0.1257219848938394,0
8273,American Wedding,2003,18,232722935,6.2199,6.221,4450,19.26535918809089,8.400884069015854,1996-2005,715.4444356911918,-0.306376164851067,-0.1311805836478172,-0.2088390350897755,-1.0845088696603915,1
3981,What Women Want,2000,4,374111707,6.6166,6.455,4435,19.740064995273453,8.397508348470257,1996-2005,670.2828185430304,0.2242180254209781,-0.1340895318388448,-0.2016341098799597,-0.7378821622360465,1
402,Basic Instinct,1992,9,117728463,14.489,6.946,4434,18.583891378167262,8.39728289474368,1986-1995,306.0250493304925,-1.068075000913192,-0.1342838113122868,-0.0586543941709752,-0.0105586009311175,1
710,GoldenEye,1995,7,106610099,6.8792,6.906,4391,18.484688811924528,8.387539983189367,1986-1995,638.3000373589409,-1.178956950348101,-0.1426795373679383,-0.1968647290881834,-0.0698110295506637,1
2024,The Patriot,2000,17,215294342,9.6313,7.211,4391,19.187516687024235,8.387539983189367,1996-2005,455.9089054344633,-0.3933832715628004,-0.1426795373679383,-0.1468806739585284,0.3819887386733768,1
9342,The Mask of Zorro,1998,13,250288523,7.1482,6.585,4380,19.33812490636968,8.385032287813898,1996-2005,612.7408120354606,-0.225043544129933,-0.1448404851796977,-0.1919791105314896,-0.5453117692225216,1
9837,The Prince of Egypt,1998,16,218613188,9.7143,7.316,4353,19.20281446582997,8.378850241794492,1996-2005,448.1018209219183,-0.3762844443827314,-0.1501677186820261,-0.145373215444753,0.5375263637996849,0
653346,Kingdom of the Planet of the Apes,2024,18,397378150,15.9764,7.056,4341,19.800398906701396,8.376090350438238,2016-2026,271.71310701215106,0.2916552094530268,-0.1525459904790443,-0.0316400111180887,0.1523855777726349,0
912649,Venom: The Last Dance,2024,11,478937618,17.5373,6.665,4327,19.987080915161524,8.372860820526318,2016-2026,246.73111212609007,0.5003157895819085,-0.155328962312244,-0.0032907099837264,-0.426806911983429,0
9798,Enemy of the State,1998,11,250849789,8.7738,7.073,4320,19.34036487174051,8.371242135931933,1996-2005,492.3744644572882,-0.2225398616508309,-0.1567238258855405,-0.1624547182424132,0.1775678599359426,1
10196,The Last Airbender,2010,19,319713881,9.1773,4.649,4298,19.58293703504545,8.366137716496281,2006-2015,468.3289547808672,0.048590970590759,-0.1611224398949123,-0.1551262904073723,-3.413129314408557,1
929,Godzilla,1998,3,379014294,6.7281,5.65,4273,19.753084480013506,8.360305435879093,1996-2005,635.0966318921659,0.2387703288874293,-0.1661482712461079,-0.1996090300692855,-1.9303372882044127,1
1493,Miss Congeniality,2000,19,212742720,5.7768,6.529,4264,19.17559411096641,8.35819745992578,1996-2005,738.1236357089813,-0.4067095243569337,-0.1679647701989372,-0.2168866840952441,-0.6282651692898863,1
228161,Home,2015,20,386041607,10.0367,6.791,4261,19.771455714366,8.357493812658563,2006-2015,424.541508123678,0.2593044577480234,-0.1685711217666827,-0.1395177380370277,-0.240161761831858,0
335977,Indiana Jones and the Dial of Destiny,2023,20,383963057,10.6767,6.511,4233,19.766056902799185,8.350902451694811,2016-2026,396.4704482935287,0.2532700296698666,-0.1742510728446611,-0.1278939615452653,-0.6549287621686818,1
881,A Few Good Men,1992,5,141354048,8.4184,7.553,4214,18.76677828690054,8.346404870435956,1986-1995,500.5695849928906,-0.8636563277424858,-0.1781267582547026,-0.1689095466254949,0.8885970033704962,1
9982,Chicken Little,2005,12,314432837,8.837,5.916,4198,19.566281059630047,8.342601680684194,1996-2005,475.04755567776886,0.0299740426850753,-0.1814040680317085,-0.1613068703138516,-1.536308637884431,1
2898,As Good as It Gets,1997,10,148478011,4.8724,7.404,4179,18.815947437903912,8.338066525518801,1996-2005,857.6864426433737,-0.808698361211933,-0.1853121318765093,-0.2333125332501658,0.6678817067626867,1
529203,The Croods: A New Age,2020,10,215905815,9.5256,7.439,4177,19.19035283351961,8.33758794211651,2016-2026,438.5021011777723,-0.3902132179623643,-0.1857245399249678,-0.148800413294746,0.7197275818047898,0
9739,Demolition Man,1993,18,58055768,6.8467,6.759,4162,17.876914641015286,8.333991247194975,1986-1995,607.8832022971617,-1.8582859983659028,-0.1888239076138383,-0.1974549989881558,-0.2875637047274951,1
9804,Waterworld,1995,12,88247151,7.4679,6.241,4135,18.295651981302257,8.327484416188264,1986-1995,553.7024415130874,-1.390249592144336,-0.1944310169792694,-0.1861726709308389,-1.0548826553506192,1
2280,Big,1988,4,114968970,5.7959,7.189,4082,18.56017283252896,8.314587291319576,1986-1995,704.2897491506943,-1.094585994305249,-0.2055448125525336,-0.2165397870155681,0.349399902932626,1
438148,Minions: The Rise of Gru,2022,5,940482695,20.0601,7.3,4061,20.661903807812017,8.30943074214033,2016-2026,202.4415618857524,1.2545873845051736,-0.2099883481486534,0.0425287639747393,0.5138253923518664,0
41513,The Smurfs,2011,9,563749323,6.9219,5.755,4033,20.15012024966736,8.302513718514158,2006-2015,582.6426521003597,0.6825501805788315,-0.2159489314057292,-0.1960892052503737,-1.774799663078105,1
615656,Meg 2: The Trench,2023,19,398500317,19.6741,6.375,4032,19.803218854186696,8.302265794873367,2016-2026,204.9393848057168,0.2948071568906505,-0.216162573801967,0.0355181737781451,-0.8563870194751391,1
9475,Scent of a Woman,1992,19,63095253,6.8405,7.8,3995,17.960156110736612,8.293049139768444,1986-1995,584.0207820761902,-1.7652442879937862,-0.2241048106763331,-0.1975676043229197,1.254480750096194,1
481848,The Call of the Wild,2020,19,111166669,4.4296,7.513,3970,18.52654116463685,8.286773231131251,2016-2026,896.2414298324233,-1.1321772083218269,-0.2295129280932295,-0.2413547336104039,0.82934457475095,1
1598,Cape Fear,1991,12,79091969,7.0889,7.266,3939,18.186121910517677,8.27893600229198,1986-1995,555.6566524331668,-1.5126749308258052,-0.2362664766606329,-0.1930561260720545,0.4634608280252524,1
614934,Elvis,2022,16,287740048,6.585,7.455,3937,19.47756802286577,8.278428259199071,2016-2026,597.8730480287805,-0.0691834169379379,-0.2367040123901679,-0.2022080338442405,0.7434285532526083,0
36669,Die Another Day,2002,6,431971116,6.4792,5.998,3929,19.88386928517694,8.276394704863307,1996-2005,606.4010890216555,0.3849527786186404,-0.2384563802554798,-0.204129589395535,-1.4148411592143617,1
448119,Dolittle,2020,7,251410631,6.8556,6.578,3913,19.342598144395627,8.272315147956022,2016-2026,570.7734249760416,-0.2200436598387399,-0.2419718429619892,-0.1972933558463172,-0.5556809442309417,1
664,Twister,1996,2,241722530,7.8207,6.564,3899,19.303301060195466,8.268731832117737,1996-2005,498.54808578760753,-0.2639672947632606,-0.2450596815389279,-0.1797650641397549,-0.5764192942477832,1
83533,Avatar: Fire and Ash,2025,3,1485999890,120.1107,7.641,3895,21.119353709890696,8.267705664762426,2016-2026,32.428415417742514,1.765894085857823,-0.2459439572458784,1.8596628456414896,1.018952346333498,0
2164,Stargate,1994,18,71568987,7.506,7.033,3874,18.08617240961201,8.262300941787448,1986-1995,516.1197493741681,-1.6243917535373036,-0.2506013508034038,-0.1854806929865637,0.1183154313163963,1
718789,Lightyear,2022,20,226425420,9.7499,6.9,3867,19.23792618155888,8.260492856573185,2016-2026,396.6190457142681,-0.3370389325428515,-0.2521594259290579,-0.1447266428773987,-0.0786988938435947,1
172385,Rio 2,2014,15,498781117,8.6334,6.519,3799,20.027677916202,8.242756345714477,2006-2015,440.0347023945348,0.5456923840297194,-0.267443449141489,-0.1650046842102935,-0.6430782764447726,0
942,Lethal Weapon 2,1989,4,147253986,8.1534,7.045,3791,18.80766945653009,8.240648863374913,1986-1995,464.9588331753218,-0.8179509314515917,-0.2692595227342202,-0.1737225165791153,0.1360911599022595,1
9390,Jerry Maguire,1996,4,153952627,6.7963,6.998,3782,18.852155502666516,8.23827262463303,1996-2005,556.4784419780734,-0.76822742423719,-0.2713071908679664,-0.1983703713868821,0.0664695562742932,1
5174,Rush Hour 3,2007,20,258097122,6.0117,6.502,3769,19.368846517784405,8.234830280442056,2006-2015,626.9430827501659,-0.1907049953154702,-0.2742735504264585,-0.2126203948797519,-0.6682605586080802,1
817,Austin Powers: The Spy Who Shagged Me,1999,17,206756403,5.9631,6.314,3712,19.147051865995383,8.21959545417708,1996-2005,622.4939670742281,-0.4386121240930368,-0.2874018054776448,-0.2135030754070952,-0.9467469731199468,1
986056,Thunderbolts*,2025,19,382436917,22.6809,7.3,3711,19.762074277368583,8.21932609390609,2016-2026,163.61777371366492,0.2488185191057824,-0.2876339203883566,0.0901281287085062,0.5138253923518664,0
9489,You've Got Mail,1998,12,250821495,5.7323,6.709,3685,19.34025207277904,8.212297138229768,1996-2005,642.8472989074213,-0.2226659407354337,-0.293690958470529,-0.217694899804437,-0.3616292405019289,1
11674,101 Dalmatians,1996,6,136189294,6.6514,5.946,3673,18.72955635094021,8.20903626577507,1996-2005,552.2137411466141,-0.9052605016801162,-0.2965009390065774,-0.2010020670332201,-1.4918693164197725,1
1669,The Hunt for Red October,1990,6,122012643,9.4204,7.4,3661,18.61963523667161,8.205764725234456,1986-1995,388.6242743150245,-1.0281229224398507,-0.29932011251604,-0.1507110715555795,0.6619564639007327,1
936075,Michael,2026,2,1010191380,125.8724,8.697,3653,20.733405635987964,8.203577736937952,2016-2026,29.02145116630404,1.3345073139645516,-0.3012046985067889,1.9643077097236568,2.583216461889516,0
8367,Robin Hood: Prince of Thieves,1991,3,165493908,7.0234,6.856,3627,18.924444948478744,8.196436811235028,1986-1995,516.4158151097545,-0.6874271488127005,-0.3073582241393769,-0.1942457469473833,-0.1438765653250962,1
8487,Wild Wild West,1999,14,222104681,4.0695,5.32,3625,19.21865936923679,8.195885391314796,1996-2005,890.7706333194907,-0.3585740781603804,-0.3078333973528548,-0.2478949241020971,-2.4191698243156696,1
146,"Crouching Tiger, Hidden Dragon",2000,18,213525736,7.8263,7.4,3617,19.179267931376994,8.193676665955241,1996-2005,462.1590506892776,-0.4026031752529958,-0.309736714749058,-0.179663356095452,0.6619564639007327,1
1011985,Kung Fu Panda 4,2024,9,547946428,19.1448,7.004,3594,20.121688082834464,8.187299270155147,2016-2026,187.72711768881487,0.6507706187741903,-0.3152322863538666,0.0259049473764423,0.0753574205672241,0
9032,Big Daddy,1999,13,234801895,4.4011,6.49,3587,19.274252720843023,8.185350223178686,1996-2005,815.0216649890597,-0.2964355727245819,-0.3169118319797039,-0.2418723549073027,-0.6860362871939434,1
12222,Horton Hears a Who!,2008,18,298572799,7.9549,6.526,3583,19.514524347158705,8.18423477409482,2006-2015,450.4136439004338,-0.0278761258390128,-0.3178730441271155,-0.1773277035066385,-0.6327091014363525,1
572802,Aquaman and the Lost Kingdom,2023,18,440181226,26.2961,6.5,3563,19.90269707962294,8.1786387885907,2016-2026,135.49532611477517,0.4059972196124752,-0.3226952536937404,0.1557879361663489,-0.6712231800390572,1
1234821,Jurassic World: Rebirth,2025,6,869146189,55.7959,6.276,3551,20.58302189692905,8.17526610411206,2016-2026,63.64265767867214,1.1664184954821606,-0.3256015856251094,0.6915677514033671,-1.003036780308516,0
1339713,Obsession,2026,7,443373265,458.8216,8.247,3525,19.909922560139783,8.167919362957816,2016-2026,7.682724447089579,0.4140733752569898,-0.3319324679069568,8.011381278334731,1.9166266399196223,2
1370,Rambo III,1988,16,53715611,6.8523,6.205,3522,17.799214243483387,8.167068178341237,1986-1995,513.9872539333452,-1.9451342713140336,-0.3326659563332595,-0.1973532909438528,-1.1082098411082102,1
714,Tomorrow Never Dies,1997,13,125304452,6.343,6.381,3484,18.646256957941915,8.156223323194624,1996-2005,549.2660424624902,-0.9983669547913744,-0.3420112564949833,-0.2066032743301881,-0.8474991551822068,1
2486,Eragon,2006,16,250425512,4.4876,5.135,3479,19.338672080977524,8.15478757276852,2006-2015,775.2456207201608,-0.2244319491934638,-0.3432484808292757,-0.240301328865838,-2.693212306681071,1
39451,Little Fockers,2010,20,310650585,4.7428,5.659,3476,19.55417932083949,8.153925132007862,2006-2015,732.8988511030382,0.0164475338509648,-0.3439916689743539,-0.2356663479897477,-1.917005491765016,1
2005,Sister Act,1992,6,139607519,7.1911,6.831,3476,18.75434561503655,8.153925132007862,1986-1995,483.374611151825,-0.8775527312850175,-0.3439916689743539,-0.1911999542635262,-0.1809093332123118,1
10312,Patch Adams,1998,17,202292902,4.4342,7.315,3472,19.125227219960564,8.152774052744075,1996-2005,783.0030602970993,-0.4630062440208037,-0.3449835845955951,-0.2412711877168694,0.536045053084197,1
818,Austin Powers in Goldmember,2002,13,296939148,6.4719,6.025,3469,19.50903779025318,8.151909872940905,1996-2005,536.008689861262,-0.0340086297490573,-0.3457282713198655,-0.2042621730961441,-1.3748457698961676,1
9361,The Last of the Mohicans,1992,17,75506801,6.9328,7.386,3465,18.13973330287638,8.150756470275551,1986-1995,499.79734047233376,-1.564524993194674,-0.3467221890780415,-0.1958912378069983,0.6412181138838912,1
573435,Bad Boys: Ride or Die,2024,17,404550184,15.6458,7.32,3394,19.81828635351625,8.130059039992796,2016-2026,216.92708782734803,0.3116485931765028,-0.3645577153210174,-0.0376444181621147,0.5434516066616402,0
9354,"Honey, I Shrunk the Kids",1989,6,130725045,5.8858,6.331,3371,18.688606789922133,8.123261319121745,1986-1995,572.7334045781295,-0.9510311639337348,-0.3704154922204552,-0.2149070096614909,-0.9215646909566392,1
412117,The Secret Life of Pets 2,2019,19,431164459,13.1074,6.951,3362,19.882000153011973,8.12058871174027,2016-2026,256.4961346291907,0.3828635885295875,-0.3727185490945827,-0.0837472216725672,-0.0031520473536744,0
939243,Sonic the Hedgehog 3,2024,10,492162604,20.3863,7.611,3358,20.01431971782164,8.119398589612294,2016-2026,164.71838209072658,0.5307614892610477,-0.3737441089904677,0.0484532575553844,0.974513024868838,0
9772,Air Force One,1997,7,172956409,4.8614,6.465,3356,18.96855015539554,8.118802996980035,1996-2005,690.3346971351934,-0.6381293180368517,-0.3742573470049289,-0.233512316908618,-0.7230690550811603,1
447277,The Little Mermaid,2023,11,569626289,13.3245,6.269,3353,20.16049107219355,8.117908942383155,2016-2026,251.64152377836032,0.6941419877517807,-0.3750277776336336,-0.0798042187407522,-1.0134059553169363,1
3050,Doctor Dolittle,1998,7,294456605,5.3562,5.728,3320,19.50064220215159,8.108021221376747,1996-2005,619.8412683595303,-0.0433926528707903,-0.3835482898462022,-0.2245256847084242,-1.814795052396299,1
9471,Charlie's Angels: Full Throttle,2003,12,259175788,6.1007,5.5,3320,19.37301711144392,8.108021221376747,1996-2005,544.1989538922519,-0.1860433865206321,-0.3835482898462022,-0.2110039634613663,-2.152533895527712,1
10022,The Pacifier,2005,19,198636868,5.6041,6.076,3296,19.10698893685712,8.10076824307173,1996-2005,588.139775985839,-0.4833917689265565,-0.3897983741867034,-0.2200232875329432,-1.2992989234062473,1
943,Lethal Weapon 3,1992,4,144731527,5.7884,6.73,3292,18.790391053148053,8.099554282376364,1986-1995,568.7226716835884,-0.8372635674315421,-0.3908444764102337,-0.2166760031463309,-0.3305217154766659,1
619,The Bodyguard,1992,7,121945747,34.725,6.704,3283,18.619086815269675,8.096817470572319,1986-1995,94.54280934692314,-1.0287359109588077,-0.3932028599431789,0.3088748887779362,-0.369035794079372,1
519182,Despicable Me 4,2024,4,972021410,24.441,7.0,3279,20.69488838995988,8.09559870137819,2016-2026,134.15975853698353,1.2914553296438296,-0.3942531057780022,0.1220953302759296,0.0694321777052702,0
1934,Shakespeare in Love,1998,8,289317794,4.4523,6.829,3240,19.48303627859736,8.083637203141548,1996-2005,727.7121314553569,-0.0630713688479398,-0.4045606469940099,-0.2409424527879617,-0.1838719546432901,1
7840,"10,000 BC",2008,20,269784201,5.7185,5.511,3210,19.413132945538745,8.074337694089515,2006-2015,561.335033076798,-0.1412046080886534,-0.412574281318582,-0.2179455374850406,-2.136239477657337,1
822119,Captain America: Brave New World,2025,17,415101577,30.3624,5.964,3196,19.844033814509658,8.069968149059841,2016-2026,105.26173646953583,0.3404273715496614,-0.4163396345040708,0.2296406898358073,-1.4652057235409754,1
917496,Beetlejuice Beetlejuice,2024,13,452000435,14.0603,6.929,3192,19.92919370239781,8.068716192714781,2016-2026,227.02202156282476,0.435613360585383,-0.4174184785896567,-0.0664405082053792,-0.0357408830944238,0
1226863,The Super Mario Galaxy Movie,2026,1,1011167033,107.9632,8.253,3183,20.734370979955195,8.065893546964274,2016-2026,29.482265301300323,1.335586310456435,-0.4198508275175207,1.639038119182609,1.9255145042125548,0
1241982,Moana 2,2024,3,1059242164,49.2687,6.993,3169,20.78081955070061,8.061486866871327,2016-2026,64.3207423129203,1.387503395545894,-0.4236481809748548,0.5730197609080055,0.0590630026968501,0
23398,Alvin and the Chipmunks: The Squeakquel,2009,11,443140005,6.6995,5.657,3153,19.909396318711146,8.056426767522984,2006-2015,470.6314342392205,0.4134851780188419,-0.4280086031860427,-0.2001284675812611,-1.9199681131959927,1
9327,The Nutty Professor,1996,8,128814019,4.1466,5.647,3151,18.67388021664237,8.05579245097777,1996-2005,759.8978442631451,-0.9674915360350026,-0.4285552106263855,-0.2464946222778551,-1.9347812203508796,1
1084242,Zootopia 2,2025,2,1866647950,49.3377,7.683,3144,21.347410119719143,8.05356916913454,2016-2026,63.72407637079224,2.020800186180161,-0.4304710717317844,0.5742729493110237,1.0811673963840212,0
950387,A Minecraft Movie,2025,5,960387780,29.7336,6.254,3128,20.68284769940661,8.048468743668883,2016-2026,105.20081483546734,1.2779970564191,-0.4348662440309697,0.2182203294326507,-1.035625616049267,0
402431,Wicked,2024,5,763963597,18.831,6.913,3125,20.4540306993988,8.047509510981422,2016-2026,165.9496755617463,1.0222408196032906,-0.4356928403541168,0.020205664465325,-0.0594418545422423,0
533,Wallace & Gromit: The Curse of the Were-Rabbit,2005,20,192614977,6.9473,7.131,3122,19.076203821698133,8.046549357283078,1996-2005,449.38256677764485,-0.517801297950774,-0.4365202303368419,-0.1956278866208569,0.2634838814342843,1
718821,Twisters,2024,19,372262265,7.9085,6.773,3059,19.73510917995933,8.026170194946426,2016-2026,386.7985246272686,0.2186787487280273,-0.4540814966244774,-0.1781704273022913,-0.2668253547106549,1
9801,Bridget Jones: The Edge of Reason,2004,16,265126918,7.1076,6.227,3051,19.39571920891816,8.023552392404348,1996-2005,429.2582176005718,-0.1606685104509334,-0.4563373267106433,-0.1927164938526858,-1.0756210053674595,1
801,"Good Morning, Vietnam",1987,4,123922794,4.3237,7.303,3035,18.63516930869264,8.01829613851552,1986-1995,701.9434698441848,-1.0107599826128688,-0.4608667805072354,-0.2432781053767753,0.5182693244983325,1
7484,Open Season,2006,20,200811689,6.3749,6.195,3034,19.11787816121877,8.017966703493599,2006-2015,475.92828761504086,-0.4712205270848927,-0.4611506634288621,-0.2060239017206768,-1.1230229482630965,1
1645,A Time to Kill,1996,10,108766007,6.9426,7.393,3015,18.50470941710021,8.011686729127847,1996-2005,434.2747180095095,-1.1565792658301963,-0.4665622843922096,-0.1957132487294683,0.6515872888923112,1
9315,Flightplan,2005,16,223387299,4.3883,6.445,3006,19.224417594281547,8.008698182988528,1996-2005,685.0017432679095,-0.3521379218951746,-0.4691375940981965,-0.2421048304371379,-0.7526952693909328,1
944,Lethal Weapon 4,1998,9,285444603,6.1401,6.615,2996,19.469558536710142,8.005367067316664,1996-2005,487.9391411554517,-0.0781358812999441,-0.4720081050830034,-0.2102883747210921,-0.5008724477578615,1
1087192,How to Train Your Dragon,2025,8,636596299,25.1246,7.933,2969,20.27164626066845,7.996317231796746,2016-2026,118.170988524797,0.8183837735715487,-0.479806589083435,0.1345109765411933,1.4514950752561848,0
575265,Mission: Impossible - The Final Reckoning,2025,11,598767057,30.6872,7.2,2966,20.210383195636403,7.995306620290822,2016-2026,96.65264453822944,0.7499080441988895,-0.4806774599011703,0.2355397564053767,0.3656943208030014,0
1574,Chicago,2002,12,306776732,4.4872,7.136,2937,19.54163078690228,7.9854843567338225,1996-2005,654.5269777879797,0.0024216274837513,-0.4891415656883629,-0.2403085937261453,0.2708904350117274,1
8874,My Best Friend's Wedding,1997,12,127131755,3.3507,6.565,2912,18.660734555463648,7.976938756959434,1996-2005,869.0695404854494,-0.9821848710293908,-0.4965055363337941,-0.2609498780744077,-0.5749379835322941,1
4476,Legends of the Fall,1994,19,66638883,7.2155,7.396,2891,18.014798808983954,7.969703583278656,1986-1995,400.6646792811597,-1.7041683588769596,-0.502740277955972,-0.1907567977847777,0.6560312210387774,1
9767,The Break-Up,2006,18,205668210,4.3264,5.904,2866,19.14177480208746,7.96102146588337,2006-2015,662.442995462751,-0.4445104708351084,-0.5102218894668094,-0.2432290675697006,-1.5540843664702957,1
96,Beverly Hills Cop II,1987,3,153665036,4.8255,6.535,2857,18.850285707030505,7.957877358489813,1986-1995,592.0617717091044,-0.7703173559095031,-0.512931250443628,-0.2341643381212028,-0.6193773049969541,1
951,Kindergarten Cop,1990,10,91457688,3.0473,6.128,2835,18.33138700799828,7.950149887652018,1986-1995,930.3287161463716,-1.3503073852717056,-0.5195902176215074,-0.2664602746175338,-1.2222707662008363,1
37137,The Naked Gun 2½: The Smell of Fear,1991,10,86930411,5.4868,6.8,2808,18.28061849448955,7.940583827104244,1986-1995,511.7727787184175,-1.407053011528853,-0.5278335464604444,-0.222153707818074,-0.226829965392461,1
12144,The Land Before Time,1988,20,48478716,5.2066,7.156,2773,17.69663543485369,7.928045600874777,1986-1995,532.5922241151153,-2.0597899571734097,-0.5386380695292987,-0.2272427424633737,0.3005166493214999,1
10567,Dinosaur,2000,5,349822765,7.0639,6.574,2773,19.672937201335493,7.928045600874777,1996-2005,392.55879534139024,0.1491870969378076,-0.5386380695292987,-0.1935101798412639,-0.561606187092897,1
5825,National Lampoon's Christmas Vacation,1989,15,71322270,9.202,7.23,2730,18.082719192852704,7.912423121473705,1986-1995,296.67431354671425,-1.6282515267326545,-0.5521003755997442,-0.1546776852833934,0.4101336422676614,1
762509,Mufasa: The Lion King,2024,6,722631756,18.4841,7.301,2715,20.39841032395457,7.906915488678587,2016-2026,146.88291727326876,0.9600721087408476,-0.5568464492867685,0.0139052143637745,0.5153067030673555,0
7552,Fun with Dick and Jane,2005,18,204681899,4.3721,6.2,2703,19.13696762464096,7.902487437162855,1996-2005,618.2369611011618,-0.4498836101271238,-0.5606622190676137,-0.2423990572795857,-1.1156163946856534,1
1368166,The Housemaid,2025,18,400530884,49.9175,7.273,2679,19.808301437604264,7.893572073504902,2016-2026,53.66854236118749,0.3004881264345888,-0.5683448250875297,0.5848033643265296,0.4738300030336725,0
9350,Cliffhanger,1993,10,84093147,5.6566,6.516,2671,18.24743564718876,7.890582534656536,1986-1995,472.19094121744297,-1.4441425641066503,-0.5709209902373096,-0.2190697746176032,-0.6475222085912387,1
888,The Flintstones,1994,5,130531208,6.269,5.377,2644,18.68712290556065,7.8804263442924,1986-1995,421.7571833511192,-0.9526897499660266,-0.5796728496369344,-0.2079472734870481,-2.3347351135328167,1
1281,Bean,1997,2,251212670,4.8064,6.48,2623,19.34181043316515,7.8724551500639794,1996-2005,545.7295569874398,-0.2209241104171377,-0.5865418397437548,-0.2345112352008788,-0.7008493943488296,1
858,Sleepless in Seattle,1993,5,126761846,6.8421,6.745,2618,18.657820663523378,7.870547844507712,1986-1995,382.63050433272775,-0.9854418232536836,-0.5881854156774554,-0.1975385448816903,-0.3083020547443366,1
629542,The Bad Guys,2022,17,250387888,13.3269,7.517,2609,19.338521829407096,7.867105500316739,2016-2026,195.76931186599143,-0.2245998902827494,-0.5911517752359468,-0.0797606295789081,0.8352698176129053,1
2133,The Perfect Storm,2000,8,328718434,5.5487,6.483,2596,19.610712121637366,7.862112211662748,1996-2005,467.8564927703917,0.0796360923419364,-0.5954546248945924,-0.2210294706855113,-0.6964054622023649,1
9493,Twins,1988,5,111938388,4.7354,6.051,2552,18.53345917968555,7.845024417241484,1986-1995,538.9184885786025,-1.1244447168765652,-0.6101796318964992,-0.2358007479054337,-1.3363316912934629,1
8856,The Karate Kid Part II,1986,4,115103979,5.129,6.348,2513,18.561346451721565,7.829630389150193,1986-1995,489.9581010760362,-1.0932742017891968,-0.6234450753963178,-0.2286521253629999,-0.8963824087933329,1
8872,Wayne's World,1992,8,121704531,3.465,6.685,2500,18.61710679637697,7.824445930877619,1986-1995,721.4986392535664,-1.0309490427663452,-0.6279126610005625,-0.258873944241582,-0.3971806976736566,1
9494,Look Who's Talking,1989,5,140088813,3.1642,6.287,2485,18.757787165150308,7.818430272070656,1986-1995,785.3461053469902,-0.8737059982805726,-0.6330965142158952,-0.2643371191927103,-0.9867423624381408,1
11969,Tombstone,1993,20,56506116,7.5025,7.587,2484,17.84985945574311,7.818027938530729,1986-1995,331.0891954825785,-1.8885264628913965,-0.6334432157296463,-0.185544260514253,0.9389615676971104,1
9595,Hot Shots!,1991,18,69467617,6.0306,6.59,2479,18.056371273899263,7.8160138391590275,1986-1995,411.0695269632757,-1.6577014565858992,-0.6351788187349083,-0.2122771302302296,-0.5379052156450784,1
623,A Fish Called Wanda,1988,12,62493712,3.6987,7.212,2456,17.950576517646915,7.806696372521179,1986-1995,664.0152918179581,-1.7759517121745243,-0.643207927588864,-0.2546294496070119,0.3834700493888646,1
1900,Traffic,2000,20,207515725,5.4252,7.09,2449,19.150717682715072,7.803843303538772,1996-2005,451.4110974506056,-0.4345147209759077,-0.645666493024938,-0.2232724963054061,0.2027501420992489,1
820,JFK,1991,17,70405819,4.2008,7.597,2448,18.069786488165803,7.803435056952168,1986-1995,582.7447563684148,-1.6427068332984205,-0.6460182899683033,-0.245510233706209,0.9537746748519976,1
409,The English Patient,1996,19,78681751,5.2279,7.143,2415,18.18092181864952,7.789868559054706,1996-2005,461.9436830396851,-1.5184872434041985,-0.6577089020863236,-0.2268558886520072,0.2812596100201475,1
795,City of Angels,1998,18,198685114,5.1015,6.814,2383,19.10723179278848,7.776535028185241,1996-2005,467.11659881094033,-0.4831203209174869,-0.6691987603192083,-0.2291515845091303,-0.2060916153756194,1
55301,Alvin and the Chipmunks: Chipwrecked,2011,20,342695435,6.6227,5.7,2373,19.65235266898551,7.772331575169614,2006-2015,358.3125336908909,0.1261790925925666,-0.6728209875980121,-0.2015233207602726,-1.8562717524299808,1
37233,The Firm,1993,4,158348367,5.8506,6.741,2331,18.880308024612265,7.754481547470383,1986-1995,398.41999381261104,-0.7367604306594646,-0.6882028312915613,-0.2155463173685378,-0.3142272976062918,1
11395,The Santa Clause,1994,4,144836420,7.2517,6.527,2324,18.791115532531563,7.751475318021456,1986-1995,320.4761359734463,-0.836453793154408,-0.6907933791758275,-0.1900993279269624,-0.6312277907208633,1
864,Cool Runnings,1993,15,68863508,4.3557,7.027,2316,18.047636973042767,7.748028524432376,1986-1995,531.7158396679303,-1.6674640700202077,-0.693763572899025,-0.2426969165521871,0.1094275670234641,1
8346,My Big Fat Greek Wedding,2002,9,368744044,4.1229,6.5,2315,19.72561331633536,7.747596838692885,1996-2005,561.4966128292882,0.2080649117067426,-0.6941355679839328,-0.2469250652510657,-0.6712231800390572,1
4564,Sex and the City,2008,11,418765321,7.7157,6.545,2284,19.852821230284903,7.734121303328305,2006-2015,296.0194201181745,0.3502493532640264,-0.7057477952676928,-0.1816720899704347,-0.6045641978420678,1
10603,George of the Jungle,1997,16,105263257,6.0934,5.667,2282,18.471974989339465,7.733245646529795,1996-2005,374.5029466259451,-1.1931676052373292,-0.706502372024145,-0.2111365471619755,-1.9051550060411069,1
1844,Entrapment,1999,15,212404396,4.7163,6.24,2262,19.174002548624376,7.724446645633537,1996-2005,479.6122392293976,-0.4084884655861381,-0.7140847051569654,-0.2361476449851098,-1.056363966066107,1
552524,Lilo & Stitch,2025,4,1038027526,23.6714,7.199,2203,20.760588140606306,7.698029170272805,2016-2026,93.06585454774348,1.3648900874830276,-0.7368493464014432,0.1081177390445853,0.3642130100875123,0
847,Willow,1988,14,57270847,5.6857,7.007,2193,17.86330229131472,7.693481640835175,1986-1995,385.7038083194536,-1.8735009663687987,-0.7407680734857963,-0.2185412560302434,0.0798013527136903,1
4806,Runaway Bride,1999,8,309460292,4.0734,6.103,2187,19.550340347835927,7.690743163541872,1996-2005,536.896605055715,0.012156588297988,-0.7431278922151389,-0.2478240917141004,-1.2593035340880534,1
9618,Tango & Cash,1989,20,63408614,4.8227,6.491,2150,17.965110293456913,7.67368812926773,1986-1995,445.8074402151488,-1.7597068361042902,-0.7578246689268233,-0.2342151921433542,-0.6845549764784555,1
9671,Crocodile Dundee,1986,2,174938874,5.0054,6.45,2150,18.97994718515904,7.67368812926773,1986-1995,429.5352428672177,-0.6253904855065314,-0.7578246689268233,-0.2308969671979715,-0.7452887158134897,1
3595,Ransom,1996,5,136492681,4.1518,6.691,2127,18.73178155943052,7.662937850461535,1996-2005,512.3066807007065,-0.9027733134485132,-0.7670884701402013,-0.2464001790938595,-0.3882928333807243,1
9946,End of Days,1999,16,211989043,4.9346,6.104,2093,19.172045152055585,7.646831391430482,1996-2005,424.14699439266735,-0.4106763116831199,-0.7809678343320501,-0.2321828474723727,-1.2578222233725644,1
9268,Eraser,1996,14,101295562,5.2197,6.1,2068,18.433553167667338,7.634820677745543,1996-2005,396.190592963977,-1.2361129306376968,-0.7913177858090261,-0.2270048182883079,-1.2637474662345196,1
708,The Living Daylights,1987,19,51186196,6.0915,6.545,2055,17.750980463820113,7.628517626575055,1986-1995,337.3547773868877,-1.9990467427373144,-0.7967492926688758,-0.2111710552484354,-0.6045641978420678,1
10663,The Waterboy,1998,20,185991646,4.2651,6.056,2054,19.041212322066905,7.628031126930335,1996-2005,481.5819521653604,-0.5569124403305765,-0.7971685223540143,-0.2443424074118022,-1.3289251377160198,1
2655,What Lies Beneath,2000,10,291420351,5.6898,6.438,2050,19.490277291427915,7.62608275807238,1996-2005,360.2932259600936,-0.054977852228915,-0.7988474836270955,-0.2184667912120931,-0.7630644443993542,1
2064,While You Were Sleeping,1995,16,81057256,4.9893,7.035,2024,18.21066633946037,7.613324979540639,1986-1995,405.6673167231541,-1.4852408206811751,-0.8098412007550871,-0.2311893778253424,0.1212780527473733,1
8963,Crimson Tide,1995,11,91387195,5.236,7.186,2016,18.33061593908385,7.6093665379542115,1986-1995,385.0260026241356,-1.351169234189715,-0.8132522951678484,-0.2267087752307833,0.3449559707861599,1
1634,Free Willy,1993,11,77698625,4.5076,6.204,2000,18.16834813178384,7.601402334583733,1986-1995,443.6941084077815,-1.532541264021358,-0.8201152610664173,-0.2399380858504704,-1.1096911518236994,1
1327819,Hoppers,2026,8,389547783,69.6751,8.2,2000,19.78049709610989,7.601402334583733,2016-2026,28.704655076970813,0.2694103055231223,-0.8201152610664173,0.9436438743478488,1.847005036291655,0
1079091,It Ends with Us,2024,20,351441044,7.5751,6.952,1991,19.677552531107917,7.596894438144544,2016-2026,262.8344670902469,0.1543458018164568,-0.8239998353417454,-0.1842256883684687,-0.0016707366381852,1
1038392,The Conjuring: Last Rites,2025,15,499256445,23.989,6.953,1988,20.0286304415439,7.595387278853972,2016-2026,82.87128147430845,0.5467570527252624,-0.8252985945940823,0.1138860381286224,-0.0001894259226961,1
9874,Cobra,1986,15,49042224,5.8352,6.155,1987,17.708192219688602,7.59488438721652,1986-1995,340.51902159476697,-2.0468725611802525,-0.8257319496953982,-0.2158260144903708,-1.1822753768826426,1
1498,Teenage Mutant Ninja Turtles,1990,5,135271094,5.8046,6.715,1985,18.72279143395388,7.593877844605118,1986-1995,341.9695724605099,-0.9128218704190524,-0.8265993142384874,-0.2163817763038832,-0.3527413762089966,1
199,Star Trek: First Contact,1996,17,92032841,7.917,7.301,1977,18.337656049572605,7.589841512182657,1996-2005,249.71548602313248,-1.3433002726820065,-0.8300775292566176,-0.17801604902076,0.5153067030673555,1
6279,Sister Act 2: Back in the Habit,1993,19,57319029,5.5637,6.378,1972,17.86414323824093,7.587310506022615,1986-1995,354.43975333006216,-1.8725610125139625,-0.8322585645915291,-0.2207570384239856,-0.8519430873286729,1
1083381,Backrooms,2026,9,387193457,452.7738,7.091,1965,19.774435017562805,7.583756300707112,2016-2026,4.339915332116935,0.2626345222708624,-0.8353213178566242,7.901540222917731,0.2042314528147381,2
2604,Born on the Fourth of July,1989,17,70001698,8.1633,7.004,1904,18.06403007114766,7.552237287560802,1986-1995,233.2387230179915,-1.649140968673208,-0.8624820899159507,-0.1735427112865084,0.0753574205672241,1
9869,Patriot Games,1992,14,83351587,3.9435,6.682,1842,18.23857821916915,7.519149957669823,1986-1995,467.096571328588,-1.4540428007939812,-0.8909943222326473,-0.2501833550989128,-0.4016246298201214,1
1639,Speed 2: Cruise Control,1997,8,164508066,5.3059,4.607,1831,18.91847016648098,7.513163545234075,1996-2005,345.08689367139664,-0.6941053578596285,-0.8961529730719264,-0.2254392408920736,-3.4753443644590805,1
9386,In the Line of Fire,1993,7,102314823,4.1658,6.976,1822,18.443565127559705,7.508238774678663,1986-1995,437.3699232562215,-1.2249222359553298,-0.9003967788623909,-0.2461459089831022,0.0338807205335424,1
9427,The Full Monty,1997,14,114634431,2.9747,7.0,1813,18.557258770869904,7.503289630675082,1996-2005,609.4711753414618,-1.0978431362297727,-0.904661587901496,-0.2677788467633181,0.0694321777052702,1
403,Driving Miss Daisy,1989,9,106593296,4.3388,7.242,1812,18.48453118779404,7.502738210754851,1986-1995,417.6260311006935,-1.1791331319886411,-0.9051367611149732,-0.2430038569001727,0.4279093708535246,1
9359,Maverick,1994,12,101631272,4.0693,6.904,1797,18.43686185086449,7.494430215031565,1986-1995,441.5982070670458,-1.2324147073269718,-0.91229598202911,-0.2478985565322508,-0.0727736509816407,1
9944,The Pelican Brief,1993,8,100768056,4.9385,6.592,1792,18.42833196853849,7.491645473605133,1986-1995,362.8624828136422,-1.241948835490983,-0.9146956677926328,-0.232112015084376,-0.5349425942141015,1
6964,Something's Gotta Give,2003,11,265328738,4.4576,6.632,1784,19.396480139664003,7.487173694213739,1996-2005,400.2144647019367,-0.1598179932951842,-0.9185491190471324,-0.2408461933888893,-0.4756901655945552,1
8845,Under Siege,1992,13,83563139,5.0496,6.312,1755,18.24111307173503,7.470793774195062,1986-1995,347.55159309332805,-1.4512095132624157,-0.9326641318462996,-0.2300942001340091,-0.949709594550924,1
1551,Flatliners,1990,19,61489265,3.6399,6.511,1750,17.934373180958097,7.467942332285852,1986-1995,480.7811182144613,-1.7940627109868947,-0.9351212951901188,-0.2556973840721926,-0.6549287621686818,1
2119,Days of Thunder,1990,12,87164933,6.2701,6.391,1742,18.28331267497452,7.463363045520021,1986-1995,277.8260668473121,-1.404041637976561,-0.939067388408954,-0.2079272951212029,-0.8326860480273205,1
12233,Oliver & Company,1988,17,53279055,5.0847,6.737,1723,17.79105386632173,7.452402451223638,1986-1995,338.8590499753182,-1.954255391483393,-0.9485124240747884,-0.229456708642039,-0.3201525404682458,1
9647,Scrooged,1988,13,60328558,3.3654,6.788,1718,17.915316164834156,7.449498005382849,1986-1995,510.4875780365542,-1.8153633605392927,-0.9510152623163964,-0.2606828944581125,-0.2446056939783242,1
10998,Fatal Attraction,1987,2,156645756,4.6254,6.837,1708,18.869497489135448,7.443663683115591,1986-1995,369.2645624928385,-0.7488437193636269,-0.9560428530117672,-0.2377985844899554,-0.1720214689193809,1
9331,Clear and Present Danger,1994,7,122187717,12.2234,6.649,1703,18.62106909228559,7.440733707389261,1986-1995,139.32282399101396,-1.026520255173181,-0.9585676910348612,-0.099802562951814,-0.4505078834312476,1
2323,Field of Dreams,1989,19,64532366,5.8426,7.122,1702,17.982677469852973,7.440146680662688,1986-1995,291.3081653576056,-1.740071429091776,-0.9590735475805328,-0.2156916145746848,0.2501520849948859,1
9208,Broken Arrow,1996,20,70770147,3.8571,6.07,1697,18.0749478313314,7.437206366871292,1996-2005,439.9667108275367,-1.636937831410877,-0.9616072941892954,-0.2517525649253008,-1.3081867876991784,1
168,Star Trek IV: The Voyage Home,1986,5,109713132,7.4542,7.179,1672,18.513379635491024,7.422373700986824,1986-1995,224.3027765517741,-1.146888279461485,-0.974388996942808,-0.1864214923963657,0.3345867957777398,1
11667,Street Fighter,1994,13,99431786,4.0176,4.682,1655,18.41498240923768,7.412160334945205,1986-1995,411.9364497798443,-1.2568700740781862,-0.9831901261446386,-0.248837539726976,-3.364246060797431,1
10131,A Nightmare on Elm Street 4: The Dream Master,1988,19,49369899,5.4081,5.869,1642,17.714851484711424,7.404279118037268,1986-1995,303.6180846913247,-2.039429283092794,-0.9899815804009292,-0.2235830690835454,-1.6059302415123986,1
4478,Indecent Proposal,1993,6,106614059,5.5018,6.411,1640,18.48472595593298,7.403061091090091,1986-1995,298.08372153891173,-1.1789154332762852,-0.99103118662181,-0.2218812755565483,-0.8030598337175481,1
7520,Cocktail,1988,9,78222753,3.1257,6.117,1639,18.17507113505844,7.402451520818244,1986-1995,524.360865211424,-1.5250267436074303,-0.9915564695401212,-0.2650363619972929,-1.238565184071212,1
1314481,The Devil Wears Prada 2,2026,4,690289330,182.5897,7.126,1616,20.35262138795525,7.388327859577107,2016-2026,8.850443981755598,0.9088923189586732,-1.0037272041323804,2.994415863499022,0.2560773278568412,0
2924,Backdraft,1991,14,77868585,4.4829,6.664,1592,18.170533168919057,7.373374309910049,1986-1995,355.1264691907712,-1.5300989766258115,-1.0166130756569565,-0.2403866909744493,-0.4282882226989182,1
6069,The Witches of Eastwick,1987,10,63767428,4.2427,6.546,1576,17.970753100715342,7.3632795869630385,1986-1995,371.46069375469926,-1.7533996860697934,-1.025311966948161,-0.2447492395890139,-0.6030828871265786,1
11287,A League of Their Own,1992,10,107535423,5.2941,7.203,1561,18.49333087683176,7.353722330399631,1986-1995,294.8559814586399,-1.169297432047821,-1.0335477091595755,-0.2256535542711405,0.3701382529494675,1
11618,The Haunting,1999,20,177311151,3.803,5.508,1551,18.993416668107542,7.347299700743164,1996-2005,407.8348466083445,-0.6103352043401512,-1.0390822599816782,-0.25273513728187,-2.1406834098038026,1
11873,The Color of Money,1986,13,52293982,3.2358,6.848,1545,17.772391874615497,7.343426229147367,1986-1995,477.4693198920827,-1.975114509337882,-1.042420133493243,-0.2630367091976944,-0.1557270510490055,1
10158,White Men Can't Jump,1992,16,76253806,2.9568,6.648,1539,18.14957790007429,7.339537695407674,1986-1995,520.4933695435284,-1.553521365263972,-1.0457709864548672,-0.2681039492620721,-0.4519891941467367,1
1777,Fahrenheit 9/11,2004,18,222446882,1.6906,7.1,1532,19.220198902980595,7.334981878871814,1996-2005,906.181792370801,-0.3568532909952953,-1.0496968547522092,-0.2911008645649932,0.2175632492541351,1
11846,Father of the Bride,1991,9,89325780,4.5144,6.477,1516,18.30780070518845,7.324489979348532,1986-1995,335.8135393107848,-1.3766705665337358,-1.0587380036644047,-0.2398145832252454,-0.7052933264952957,1
10398,Double Jeopardy,1999,19,177841558,5.35,6.64,1512,18.996403593888584,7.321849713788356,1996-2005,282.6162941751511,-0.6069966198058718,-1.0610131907308,-0.2246382900431882,-0.463839679870646,1
193,Star Trek: Generations,1994,16,75671125,4.7627,6.519,1510,18.141907218961737,7.32052696227274,1986-1995,317.04638745588124,-1.5620951361599016,-1.0621530408980626,-0.235304921189457,-0.6430782764447726,1
1633,Fried Green Tomatoes,1991,11,82418501,5.2055,7.655,1489,18.22732050850958,7.306531398939505,1986-1995,286.0430582210005,-1.4666259118100065,-1.0742133901155748,-0.2272627208292189,1.0396906963503394,1
4978,An American Tail,1986,16,47483002,4.9065,6.758,1468,17.675882373388927,7.292337176173877,1986-1995,299.19433568870744,-2.0829863320164232,-1.0864449294504812,-0.2326932039089641,-0.2890450154429842,1
6951,Turner & Hooch,1989,16,71079915,2.3036,6.327,1444,18.079315379483003,7.275864600546533,1986-1995,626.8422172155878,-1.6320560801453308,-1.100639786052351,-0.2799674661439771,-0.9274899338185946,1
174,Star Trek VI: The Undiscovered Country,1991,15,74888996,5.3774,7.033,1437,18.1315175351595,7.271008538280992,1986-1995,267.22901917465845,-1.573708025197324,-1.1048243840817369,-0.2241406471121346,0.1183154313163963,1
10731,The Client,1994,14,92115211,4.5692,6.69,1402,18.338550655882084,7.246368080102461,1986-1995,306.8364115459784,-1.3423003419813313,-1.1260577223502226,-0.2388192973631382,-0.3897741440962122,1
12118,Police Academy 3: Back in Training,1986,17,43579163,5.0062,5.816,1385,17.59008970418523,7.234177179749849,1986-1995,276.65639276019186,-2.1788796014027514,-1.136562945471843,-0.2308824374773568,-1.6844397094332972,1
11000,The Birdcage,1996,9,124061953,4.419,7.047,1382,18.63629162782854,7.232010331664759,1996-2005,312.7397312972816,-1.0095055298462736,-1.1384301761066702,-0.2415472524085487,0.1390537813332365,1
2616,Uncle Buck,1989,18,66758538,4.3134,6.808,1377,18.01659277215655,7.228388451573604,1986-1995,319.23698419579875,-1.7021631876266003,-1.1415512465261477,-0.2434651755296895,-0.2149794796685517,1
9294,Phenomenon,1996,12,104636382,4.1095,6.534,1373,18.46600187894424,7.2254814727822945,1996-2005,334.10309258281404,-1.1998439458794836,-1.1440562674785977,-0.2471684380713619,-0.6208586157124432,1
1275779,Disclosure Day,2026,15,235046831,631.5367,7.1,1324,19.275295337360177,7.1891677384203225,2016-2026,2.0964735367481646,-0.2952702061790012,-1.1753487783529082,11.148258964510337,0.2175632492541351,2
9909,Dangerous Minds,1995,14,84919401,3.7815,6.991,1296,18.257213152852728,7.167809184316444,1986-1995,342.72023609616264,-1.4332139265754502,-1.1937540125789723,-0.2531256235233902,0.0561003812658718,1
8984,Disclosure,1994,15,83015089,4.0805,6.247,1286,18.234532956464857,7.160069207596127,1986-1995,315.15668384589185,-1.4585643230853569,-1.200423756408488,-0.2476951404436449,-1.045994791057687,1
249,The War of the Roses,1989,12,86888546,4.2127,6.909,1264,18.28013678638301,7.142827401161621,1986-1995,300.0443894785068,-1.4075914324178893,-1.2152814796590483,-0.2452941041120653,-0.0653670974041976,1
1497,Teenage Mutant Ninja Turtles II: The Secret of the Ooze,1991,13,78657316,3.8358,6.228,1262,18.18061121556344,7.141245122350491,1986-1995,329.00482557790923,-1.5188344146215331,-1.2166449714004903,-0.2521394187366672,-1.0741396946519717,1
9396,Crocodile Dundee II,1988,6,109306210,3.4722,5.875,1241,18.509663776783874,7.124478262493424,1986-1995,357.4092580805884,-1.15104161614297,-1.2310934205513095,-0.2587431767560497,-1.5970423772194664,1
7442,Sleeping with the Enemy,1991,8,101599005,4.1682,6.508,1239,18.43654430959623,7.122866658599083,1986-1995,297.2498986375447,-1.232769633577211,-1.2324821824970258,-0.2461023198212582,-0.6593726943151479,1
8012,Get Shorty,1995,20,72101622,2.6401,6.501,1226,18.09358711240404,7.112327444710911,1986-1995,464.3745904526705,-1.6161040979735497,-1.2415641034560465,-0.2738559024104176,-0.669741869323568,1
1316092,Wuthering Heights,2026,14,241701072,27.4333,6.663,1204,19.30321228505153,7.094234845924755,2016-2026,43.88825118077257,-0.2640665216420991,-1.2571549771077857,0.1764419340201492,-0.429769533414406,1
547,The Horse Whisperer,1998,19,186883563,4.1412,6.9,1198,19.04599632848393,7.089243155027514,1996-2005,289.28743048529293,-0.5515652000552497,-1.2614564499369392,-0.2465926978920043,-0.0786988938435947,1
10136,The Golden Child,1986,8,79817937,4.4461,5.942,1196,18.19525882412665,7.087573705557973,1986-1995,268.9991925525909,-1.5024623039638882,-1.262895058953544,-0.2410550581227256,-1.4977945592817263,1
11678,Vertical Limit,2000,16,215663859,4.444,6.015,1182,19.189231549802027,7.075808863978387,1996-2005,265.9759991539173,-0.3914665134080801,-1.273033135896941,-0.2410931986393393,-1.3896588770510552,1
1159559,Scream 7,2026,18,207999405,22.3181,6.2,1166,19.153045781892285,7.062191632286556,2016-2026,52.244567304310266,-0.4319125284619007,-1.2847674666751283,0.0835389004097384,-1.1156163946856534,1
10015,Heartbreak Ridge,1986,18,42724017,7.3149,6.899,1137,17.5702718025005,7.037027614686276,1986-1995,155.435952048624,-2.201030717606092,-1.3064519700244377,-0.1889514799984009,-0.0801802045590838,1
2039,Moonstruck,1987,5,80643524,3.8497,6.844,1115,18.20554907412957,7.017506142941256,1986-1995,289.6322060622748,-1.490960555332659,-1.323274141514002,-0.2518869648409867,-0.1616522939109594,1
1368337,The Odyssey,2026,12,303975510,1036.952,7.935,1110,19.53245770020464,7.01301578963963,2016-2026,1.070444909017535,-0.0078314312212112,-1.3271435984010298,18.51147276691782,1.4544576966871618,2
967941,Wicked: For Good,2025,12,540807971,17.8358,6.6,1070,20.10857482370864,6.976348070447749,2016-2026,59.99166844679328,0.6361135006129666,-1.3587411474195554,0.0021306920206345,-0.5230921084901923,1
3525,Working Girl,1988,11,63779477,2.5074,6.606,1068,17.970942035128875,6.974478911025045,1986-1995,425.9375211872011,-1.753188507902924,-1.360351851815246,-0.2762660198173814,-0.51420424419726,1
8592,Dick Tracy,1990,9,103739295,6.7628,6.162,1058,18.45739154066824,6.965080345601407,1986-1995,156.44384508806252,-1.209468002287468,-1.36845084565021,-0.1989788034376227,-1.1719062018742226,1
1727,Bird on a Wire,1990,16,70978012,3.2156,6.247,1048,18.07788071098972,6.955592608396297,1986-1995,325.9101694546292,-1.6336596559937486,-1.3766266811813088,-0.2634035846432157,-1.045994791057687,1
11087,The Hand That Rocks the Cradle,1992,12,88036718,3.7335,6.905,1027,18.293264546776804,6.93537044601511,1986-1995,275.07626871228416,-1.3929181057156748,-1.394052656430994,-0.2539974067602724,-0.0712923402661516,1
10395,Wolf,1994,20,65002597,2.6435,6.134,1026,17.989937796291933,6.934397209928558,1986-1995,388.1203400024967,-1.7319563250216268,-1.3948913198556403,-0.2737941510978052,-1.2133829019079043,1
11595,Another 48 Hrs.,1990,14,80818974,3.739,6.006,1012,18.20772233502985,6.920671504248683,1986-1995,270.6598805566179,-1.4885314306196642,-1.406719125554821,-0.2538975149310463,-1.4029906734904525,1
10329,Congo,1995,17,81022101,3.1348,5.615,998,18.21023253961358,6.906754778648554,1986-1995,318.36060239695547,-1.485725692943044,-1.418711538200569,-0.2648710864253007,-1.9821831632465163,1
1273221,Scary Movie,2026,16,230307286,373.5666,6.5,947,19.25492500562772,6.854354502255021,2016-2026,2.5350231381760806,-0.3180387914956708,-1.4638662502584576,6.462967114576606,-0.6712231800390572,2
1297842,GOAT,2026,20,195047484,39.2,8.116,924,19.0887535997041,6.829793737512425,2016-2026,23.57142255831057,-0.5037740010472662,-1.4850309145732887,0.3901505134664309,1.7225749361906084,1
10276,What About Bob?,1991,19,63707829,2.6294,6.9,915,17.96981803292556,6.82001636467413,1986-1995,347.98681072940315,-1.7544448418889609,-1.4934563368340448,-0.2740502374236393,-0.0786988938435947,1
1311031,Demon Slayer: Kimetsu No Yaiba Infinity Castle,2025,7,793498985,100.5174,7.746,907,20.491962820047124,6.811244378601294,2016-2026,9.023312478902907,1.0646387901698464,-1.5010153905749066,1.5038063769914152,1.1744899714598074,0
615453,Ne Zha,2019,12,725920658,9.3233,7.9,905,20.40295128169305,6.80903930604298,2016-2026,97.06853038245002,0.9651476855672724,-1.502915560255113,-0.1524746163951891,1.40261182164506,0
1406,City Slickers,1991,5,124033791,3.8256,6.463,882,18.636064602572567,6.78332520060396,1986-1995,230.55146760908715,-1.0097592833922429,-1.5250740889278442,-0.2523246726745047,-0.7260316765121373,1
11386,The Crying Game,1992,20,62549086,3.1389,6.84,854,17.951462198447725,6.75110146893676,1986-1995,272.0689666157997,-1.7749617578065036,-1.552842135682702,-0.2647966216071503,-0.1675775367729147,1
7007,Rising Sun,1993,17,63179523,3.9309,6.142,849,17.961490819280076,6.745236349484362,1986-1995,215.98052359377343,-1.7637524406471703,-1.5578962651317376,-0.2504121981985944,-1.201532416183995,1
11566,Dave,1993,16,63270710,3.1067,6.65,847,17.96293307861327,6.742880635791903,1986-1995,272.6356821203138,-1.7621403802689768,-1.559926246284412,-0.2653814428618921,-0.4490265727157584,1
2925,The First Wives Club,1996,11,105489203,5.1003,6.706,833,18.47411917389059,6.726233402358747,1996-2005,163.32340583219454,-1.1907709801097583,-1.574271610163588,-0.2291733790900523,-0.3660731726483937,1
11092,Presumed Innocent,1990,13,86303188,3.5405,6.816,827,18.27337710786224,6.71901315438526,1986-1995,233.5821675408345,-1.41514694595272,-1.5804934899067569,-0.2575027018585695,-0.2031289939446425,1
16620,La Bamba,1987,15,54215416,3.1437,7.275,808,17.808475872457105,6.695798917058491,1986-1995,257.02116289352387,-1.934782246014246,-1.6004978157286545,-0.2647094432834621,0.4767926244646508,1
11133,Poltergeist II: The Other Side,1986,20,40998097,2.5938,6.01,771,17.52903623334862,6.648984550024776,1986-1995,297.24613599299875,-2.247121060495312,-1.6408390011014975,-0.2746968099909936,-1.3970654306284984,1
980477,Ne Zha 2,2025,1,2267446370,22.7671,8.1,766,21.54192008851621,6.642486801367256,2016-2026,33.645025653233986,2.238210333332689,-1.6464382839650338,0.0916937061047405,1.69887396474279,0
11520,Grumpy Old Men,1993,14,70172621,3.1066,6.681,759,18.066468792926266,6.633318433280377,1986-1995,244.31776116087957,-1.6464151296633665,-1.6543389106314774,-0.2653832590769689,-0.4031059405356106,1
10860,Steel Magnolias,1989,14,83759091,4.0982,7.185,736,18.24345528397114,6.602587892189336,1986-1995,179.59060175052036,-1.4485915461213752,-1.680820235346786,-0.2473736703750446,0.3434746600706708,1
842675,The Wandering Earth II,2023,9,615023132,7.5636,7.296,736,20.237170439697525,6.602587892189336,2016-2026,97.30803148232128,0.7798490220786157,-1.680820235346786,-0.184434553102305,0.5079001494899125,1
1552,Parenthood,1989,10,100047830,3.2725,6.668,727,18.4211589395986,6.590301048196686,1986-1995,222.15363742204,-1.249966364294237,-1.691408135655205,-0.2623701582644949,-0.4223629798369629,1
10021,The Secret of My Success,1987,7,66995879,3.3687,6.491,702,18.020141682927186,6.555356891810665,1986-1995,208.38837418477692,-1.698196454108282,-1.7215204447557608,-0.2606229593605769,-0.6845549764784555,1
2928,Michael,1996,16,95318203,2.2721,5.712,691,18.372731368221253,6.539585955617669,1996-2005,304.122599698078,-1.3040954430479,-1.735110679992878,-0.280539573893181,-1.8384960238441173,1
287,Bull Durham,1988,18,50888729,3.4727,6.634,683,17.74515204246662,6.52795791762255,1986-1995,196.6763709034155,-2.005561359710245,-1.7451308696484538,-0.2587340956806655,-0.4727275441635769,1
1084244,Toy Story 5,2026,3,962301978,372.2682,7.4,682,20.684838866855745,6.52649485957079,2016-2026,1.8320124621976184,1.280222649332399,-1.7463916256901786,6.439385378018942,0.6619564639007327,2
11896,Throw Momma from the Train,1987,13,57915972,3.1298,6.157,661,17.874503776690926,6.495265555937008,1986-1995,211.1949287656439,-1.8609807001889795,-1.773302747356053,-0.2649618971791426,-1.1793127554516658,1
10013,Peggy Sue Got Married,1986,19,41382841,2.5121,6.116,661,17.53837690844526,6.495265555937008,1986-1995,263.1254204632759,-2.236680682761339,-1.773302747356053,-0.2761806577087701,-1.2400464947867011,1
11066,Boomerang,1992,18,70052444,2.454,5.676,638,18.06475473377843,6.459904454377535,1986-1995,259.982640657536,-1.6483309895746254,-1.8037743492036509,-0.2772358786684129,-1.8918232096017085,1
10023,Dragnet,1987,14,57387516,2.3191,5.985,551,17.865337363771328,6.313548046277095,1986-1995,237.59114487885435,-1.8712262993941788,-1.929893559262204,-0.2796859528070672,-1.434098198515714,1
783675,The First Slam Dunk,2022,18,246868956,3.2085,7.774,545,19.324368215345388,6.302618975744905,2016-2026,169.86077649750194,-0.2404198471462792,-1.939311430061876,-0.2635325359136712,1.2159666714934891,1
15596,Back to School,1986,6,91258000,2.5356,6.343,502,18.3292012287748,6.220590170099739,1986-1995,197.97997326087213,-1.3527505021235506,-2.009997833918653,-0.2757538471657132,-0.903788962370776,1
381890,The Mermaid,2016,14,553810228,5.2891,6.545,494,20.132332639097548,6.20455776256869,2016-2026,93.39945661935562,0.6626683870882916,-2.023813385963119,-0.2257443650249824,-0.6045641978420678,1
12626,Broadcast News,1987,18,51249461,2.3576,6.791,472,17.752215678366717,6.159095388491933,1986-1995,200.20274769788043,-1.997666103081656,-2.0629895230408497,-0.2789867100024846,-0.240161761831858,1
2054,Mr. Holland's Opus,1995,15,82569971,2.4131,6.966,459,18.229156637287343,6.131226489483141,1986-1995,190.210972562378,-1.4645736106851193,-2.087004894651898,-0.2779787106348396,0.0190676133786562,1
10859,Stakeout,1987,8,65673233,2.4562,6.475,458,18.000202003185755,6.129050210060545,1986-1995,186.46614092443235,-1.7204836856243213,-2.088880252521136,-0.2771959219367225,-0.7082559479262741,1
12151,Ruthless People,1986,9,71624879,2.3756,6.585,452,18.086953057605104,6.115892125483034,1986-1995,190.2669209171539,-1.6235191977701031,-2.100218924017231,-0.2786597912886538,-0.5453117692225216,1
460555,Operation Red Sea,2018,13,579330426,5.2088,7.385,439,20.177383558423077,6.0867747269123065,2016-2026,84.28028666816414,0.7130232715216848,-2.125310160911895,-0.2272027857316833,0.639736803168402,1
334298,Monster Hunt,2015,19,387053506,2.5409,6.476,377,19.7740735024188,5.934894195619588,2006-2015,148.37203993844724,0.2622304449829857,-2.256189654871364,-0.2756575877666408,-0.7067746372107849,1
508935,The Eight Hundred,2020,2,461421559,4.4683,7.039,342,19.949822629963776,5.83773044716594,2016-2026,76.53900467962161,0.4586709869140088,-2.339918241547886,-0.2406518583756677,0.1272032956093273,1
452557,Wolf Warrior 2,2017,7,870325439,4.5517,6.503,339,20.584377768632063,5.828945617610208,2016-2026,74.47750405891412,1.16793399758365,-2.347488362859607,-0.2391371350015849,-0.666779247892591,1
10333,The Prince of Tides,1991,16,74787599,3.5001,6.618,309,18.13016265380137,5.736572297479192,1986-1995,88.28293967903865,-1.5752224203579726,-2.4270889100212623,-0.258236452749612,-0.4964285156113954,1
9941,Down and Out in Beverly Hills,1986,11,62134225,1.7691,5.912,284,17.944807538397242,5.652489180268651,1986-1995,160.53269723194148,-1.782399888765925,-2.499545568800267,-0.2896751357296755,-1.5422338807463862,1
15592,Beaches,1988,15,57041866,2.8113,6.691,283,17.859296064951202,5.648974238161206,1986-1995,100.66481462378748,-1.877978856466697,-2.5025744879145444,-0.2707465421988712,-0.3882928333807243,1
9930,Legal Eagles,1986,14,49851591,1.7806,6.056,234,17.724560989669605,5.459585514144159,1986-1995,131.41563846097685,-2.0285766521721715,-2.6657757892927223,-0.2894662709958391,-1.3289251377160198,1
635389,Jiang Ziya,2020,8,240646355,2.4215,7.298,223,19.29883901127587,5.41164605185504,2016-2026,92.0912984047144,-0.268954672624717,-2.707086499175588,-0.2778261485683852,0.5108627709208894,1
1315772,Minions & Monsters,2026,10,363645130,374.0304,6.424,218,19.711689035227284,5.389071729816501,2016-2026,0.5828403096956742,0.1925012877782494,-2.726539392971356,6.471390720102979,-0.7838027944161944,2
1066298,Full River Red,2023,7,670491959,1.5437,6.05,180,20.32352226956266,5.198497031265826,2016-2026,116.60221155527915,0.8763672836051264,-2.8907626801530384,-0.293768884512868,-1.337813002008952,1
758891,"Hi, Mom",2021,3,822009764,1.9168,7.026,174,20.527262832511937,5.1647859739235145,2016-2026,90.77582024300791,1.1040947674234745,-2.919812395006202,-0.2869925860611859,0.1079462563079749,1
779029,The Battle at Lake Changjin,2021,2,902548476,2.3209,6.304,153,20.62073296085618,5.0369526024136295,2016-2026,65.92241836176328,1.208569383729074,-3.029969811706973,-0.2796532609356841,-0.9615600802748332,1
505513,Detective Chinatown 2,2018,14,544185156,2.9954,6.224,152,20.11480010904252,5.030437921392435,2016-2026,50.7443054540113,0.6430717054231135,-3.0355836856387017,-0.2674028902424127,-1.0800649375139255,1
21344,The Krays,1990,18,62300000,1.6174,6.041,121,17.947471999809046,4.804021044733257,1986-1995,74.8109632066081,-1.779421733192691,-3.230693131127305,-0.2924303340012386,-1.3511447984483491,1
602666,Detective Chinatown 3,2021,6,686257563,2.8004,5.623,118,20.34676357294949,4.77912349311153,2016-2026,42.13668712795626,0.9023448477402558,-3.252148013654686,-0.2709445096422465,-1.970332677522607,1
1229349,Yolo,2024,14,433606094,1.8072,6.788,118,19.887647064725236,4.77912349311153,2016-2026,65.29401674404193,0.3891753262473497,-3.252148013654686,-0.2889831577854003,-0.2446056939783242,1
801803,Moon Man,2022,11,460237662,1.7176,6.799,112,19.94725357272092,4.727387818712341,2016-2026,65.20688631295812,0.4557994676974493,-3.2967300204951,-0.290610486494247,-0.2283112761079488,1
1108211,Lost in the Stars,2023,14,487637474,3.547,6.51,105,20.00508280864765,4.663439094112067,2016-2026,29.602397512270898,0.5204370940890622,-3.351836337570767,-0.257384647878575,-0.656410072884171,1
1357305,Detective Chinatown 1900,2025,14,500282092,2.5911,6.263,99,20.03068268329338,4.605170185988092,2016-2026,38.20756355384372,0.5490509103794832,-3.4020482057011114,-0.2747458477980682,-1.0222938196098683,1
1305781,Blades of the Guardians,2026,17,215363913,39.3726,7.173,98,19.1878397784754,4.59511985013459,2016-2026,2.4890399696641903,-0.3930221416917924,-3.4107088474531078,0.393285300689053,0.3256989314848075,1
1228891,Pegasus 2,2024,15,422878491,3.2718,7.232,95,19.86259544279044,4.564348191467836,2016-2026,29.035915899761907,0.3611743099244489,-3.4372256042771685,-0.2623828717700328,0.4130962636986384,1
1299537,Successor,2024,16,422307398,2.6716,6.915,88,19.861244040470552,4.48863636973214,2016-2026,32.93893944101122,0.3596638033985098,-3.502468495062293,-0.2732837946612137,-0.0564792331112653,1
1500536,Dead to Rights,2025,16,422789550,2.5843,8.0,84,19.86238509784229,4.442651256490317,2016-2026,32.503840483533324,0.3609392005035162,-3.542095090383844,-0.2748693504232932,1.550742893193925,1
612845,"My People, My Country",2019,17,450064993,1.9405,6.58,81,19.924902561410583,4.406719247264253,2016-2026,41.74160401131661,0.430817012103837,-3.5730586585543453,-0.2865621430879754,-0.5527183227999647,1
748685,The Sacrifice,2020,14,161047608,1.796,5.75,56,18.89721058731025,4.04305126783455,2016-2026,31.18022728158529,-0.717867884091537,-3.8864410302902552,-0.2891865738740061,-1.7822062166555483,1
716815,A Little Red Flower,2020,9,216000000,1.1343,6.511,46,19.190788970278067,3.8501476017100575,2016-2026,40.553287901896304,-0.3897257336579818,-4.05267125078271,-0.3012044690374423,-0.6549287621686818,1
1462229,Pegasus 3,2026,6,656459523,4.7624,7.2,39,20.302371595579466,3.688879454113936,2016-2026,8.189131133186768,0.8527264842594668,-4.191640303428982,-0.2353103698346875,0.3656943208030014,1
1447971,Scare Out,2026,19,200371064,5.1393,6.711,18,19.115681530522743,2.9444389791664403,2016-2026,3.5024156939355677,-0.4736757729821411,-4.8331444634078204,-0.2284650552100856,-0.3586666190709506,1
